name,smiles
Tetrazolyl-l-acetic acid,c1nnnn1CC(=O)O
5-Nitro-1H-benzotriazole,c1cc2c(cc1[N+](=O)[O-])n[nH]n2
Nitroglycerin,C(C(CO[N+](=O)[O-])O[N+](=O)[O-])O[N+](=O)[O-]
134ID308V9,c1c(cc(c(c1[N+](=O)[O-])C(=O)O)[N+](=O)[O-])[N+](=O)[O-]
Cyclotrimethylenetrinitramine,C1N(CN(CN1[N+](=O)[O-])[N+](=O)[O-])[N+](=O)[O-]
Pentaerithrityl tetranitrate,C(C(CO[N+](=O)[O-])(CO[N+](=O)[O-])CO[N+](=O)[O-])O[N+](=O)[O-]
Nitrotriazolone,c1(=O)[nH]c(n[nH]1)[N+](=O)[O-]
Nitrourea,C(=O)(N)N[N+](=O)[O-]
Tetryl,CN(c1c(cc(cc1[N+](=O)[O-])[N+](=O)[O-])[N+](=O)[O-])[N+](=O)[O-]
2,4,6-trinitroanisol,COc1c(cc(cc1[N+](=O)[O-])[N+](=O)[O-])[N+](=O)[O-]
tna,c1c(cc(c(c1[N+](=O)[O-])N)[N+](=O)[O-])[N+](=O)[O-]
4988SZV57R,c1c(cc(c(c1N)[O-])[N+](=O)[O-])[N+](=O)[O-].[Na+]
EG63RYX560,c1cc(c(c(c1[N+](=O)[O-])O)[N+](=O)[O-])O
Z0FDZ0E0AE,C(=N)(N)NN=O
Methylpicric acid,Cc1c(cc(c(c1[N+](=O)[O-])O)[N+](=O)[O-])[N+](=O)[O-]
(Nitroimino)di-2,1-ethanediyl dinitrate,C(CO[N+](=O)[O-])N(CCO[N+](=O)[O-])[N+](=O)[O-]
Ammonium picrate,c1c(cc(c(c1[N+](=O)[O-])[O-])[N+](=O)[O-])[N+](=O)[O-].[NH4+]
N,N'-Dinitromethanediamine,C(N[N+](=O)[O-])N[N+](=O)[O-]
EF9BEM54XJ,c1c(cc(c(c1[N+](=O)[O-])N(CCO[N+](=O)[O-])[N+](=O)[O-])[N+](=O)[O-])[N+](=O)[O-]
3,5-Dinitro-N,N'-bis(2,4,6-trinitrophenyl)-2,6-pyridinediamine,C1=C(C=C(C(=C1[N+](=O)[O-])NC2=C(C=C(C(=N2)NC3=C(C=C(C=C3[N+](=O)[O-])[N+](=O)[O-])[N+](=O)[O-])[N+](=O)[O-])[N+](=O)[O-])[N+](=O)[O-])[N+](=O)[O-]
1-(3,5,7-Trinitro-1,3,5,7-tetrazocan-1-yl)ethanone,CC(=O)N1CN(CN(CN(C1)[N+](=O)[O-])[N+](=O)[O-])[N+](=O)[O-]
tetrazene,N/N=N/N
CHLOROTRINITROBENZENE,c1cc(c(c(c1[N+](=O)[O-])[N+](=O)[O-])[N+](=O)[O-])Cl
2,3,5,6-Tetranitroaniline,c1c(c(c(c(c1[N+](=O)[O-])[N+](=O)[O-])N)[N+](=O)[O-])[N+](=O)[O-]
5,5'-(1,2-Hydrazinediyl)bis(2H-tetrazole),c1(n[nH]nn1)NNc2n[nH]nn2
lead styphnate,c1c(c(c(c(c1[N+](=O)[O-])[O-])[N+](=O)[O-])[O-])[N+](=O)[O-].[Pb+2]
1,3,6-Trinitronaphthalene,c1cc2c(cc1[N+](=O)[O-])cc(cc2[N+](=O)[O-])[N+](=O)[O-]
Tetrazene explosive,[H]/N=C(\N)/N(N)NN=C1N=NN=N1.O
2-(Diaminomethylene)-1-hydroxy-1-oxohydrazinium,C(=N[N+](=O)O)(N)N
Nitrodiethanolamine dinitrate,C(CO)NC(CO)[N+](=O)[O-].[N+](=O)(O)[O-].[N+](=O)(O)[O-]
N-Nitrodiethanolamine dinitrate,C(CO)N(CCO)[N+](=O)[O-].[N+](=O)(O)[O-].[N+](=O)(O)[O-]
N-(2-Azidoethyl)-N'-methyl-N,N'-dinitromethanediamine,CN(CN(CCN=[N+]=[N-])[N+](=O)[O-])[N+](=O)[O-]
1-Nitropyrazole,c1cnn(c1)[N+](=O)[O-]
5-Nitro-1H-pyrazole,c1cn[nH]c1[N+](=O)[O-]
1H-pyrazole,C1=CNN=C1
5-nitro-1H-pyrazole,C1=C(NN=C1)[N+](=O)[O-]
3,5-dinitro-1H-pyrazole,C1=C(NN=C1[N+](=O)[O-])[N+](=O)[O-]
4,5-dinitro-1H-pyrazole,C1=NNC(=C1[N+](=O)[O-])[N+](=O)[O-]
(2E)-2-cyano-2-hydroxyiminoacetamide,C(#N)C(=NO)C(=O)N
1,2,3,4,5,6,7,8-octanitrocubane,C12(C3(C4(C1(C5(C2(C3(C45[N+](=O)[O-])[N+](=O)[O-])[N+](=O)[O-])[N+](=O)[O-])[N+](=O)[O-])[N+](=O)[O-])[N+](=O)[O-])[N+](=O)[O-]
1H-Pyrazole 1-oxide,[O-][n+]1cccn1
3,4,5-trinitro-1H-pyrazole,C1(=C(NN=C1[N+](=O)[O-])[N+](=O)[O-])[N+](=O)[O-]
nitromethane,C[N+](=O)[O-]
2-nitro-1H-pyrrole,C1=CNC(=C1)[N+](=O)[O-]
1-nitropyrazole,C1=CN(N=C1)[N+](=O)[O-]
1,3,4-trinitropyrazole,C1=C(C(=NN1[N+](=O)[O-])[N+](=O)[O-])[N+](=O)[O-]
4-picrylamino-1,2,3-triazole,n1n[nH]cc1Nc1c(cc(cc1N(=O)=O)N(=O)=O)N(=O)=O
1-(3',5'-dinitrophenyl)-4-nitro-1,2,3-triazole,n1c(cn(n1)c1cc(cc(c1)N(=O)=O)N(=O)=O)N(=O)=O
1-(3',4'-dinitrophenyl)-4-nitro-1,2,3-triazole,n1c(cn(n1)c1ccc(c(c1)N(=O)=O)N(=O)=O)N(=O)=O
4,6-dinitro-1-picryl-benzotriazole,c1(c2c(cc(c1)N(=O)=O)n(nn2)c1c(cc(cc1N(=O)=O)N(=O)=O)N(=O)=O)N(=O)=O
1-Picryl-5,7-dinitrobenzotriazole,c1c(cc(c2c1nnn2c1c(cc(cc1N(=O)=O)N(=O)=O)N(=O)=O)N(=O)=O)N(=O)=O
1,5-dipicrylbenzo-[1,2-d:4,5-d']-bistriazole,c1c2c(cc3c1n(nn3)c1c(cc(cc1N(=O)=O)N(=O)=O)N(=O)=O)n(nn2)c1c(cc(cc1N(=O)=O)N(=O)=O)N(=O)=O
1,7-dipicrylbenzo-[1,2-d:4,5-d']-bistriazole,c1c2c(cc3c1n(nn3)c1c(cc(cc1N(=O)=O)N(=O)=O)N(=O)=O)nnn2c1c(cc(cc1N(=O)=O)N(=O)=O)N(=O)=O
5-picrylaminotetrazole,n1nn[nH]c1Nc1c(cc(cc1N(=O)=O)N(=O)=O)N(=O)=O
5,6-dinitro-1-picryl-benzotriazole,c12cc(c(cc1nnn2c1c(cc(cc1N(=O)=O)N(=O)=O)N(=O)=O)N(=O)=O)N(=O)=O
1-picryl-4-picrylamino-1,2,3-triazole,n1c(cn(n1)c1c(cc(cc1N(=O)=O)N(=O)=O)N(=O)=O)Nc1c(cc(cc1N(=O)=O)N(=O)=O)N(=O)=O
1-(3'-Amino-2',4',6'-trinitrophenyl)-1,2,3-triazole,n1ccn(n1)c1c(cc(c(c1N(=O)=O)N)N(=O)=O)N(=O)=O
4-nitro-1,2,3-triazole,c1nn[nH]c1N(=O)=O
2-Azido-1,3,5-trinitrobenzene,c1(c(cc(cc1N(=O)=O)N(=O)=O)N(=O)=O)N=[N+]=[N-]
5-Nitro-2-nitratomethyl-1,2,3,4-tetrazole,c1(nnn(n1)CON(=O)=O)N(=O)=O
Azidopentanitrobenzene,c1(c(c(c(c(c1N(=O)=O)N(=O)=O)N(=O)=O)N(=O)=O)N(=O)=O)N=[N+]=[N-]
1-Picrylbenzotriazole,c1cccc2c1nnn2c1c(cc(cc1N(=O)=O)N(=O)=O)N(=O)=O
1-Picryl-1,2,3-triazole,n1ccn(n1)c1c(cc(cc1N(=O)=O)N(=O)=O)N(=O)=O
2-Diazo-4,6-dinitrophenol,c1(c(cc(cc1[N+]#N)N(=O)=O)N(=O)=O)[O-]
HNFX,C1(CN(CC(CN(C1)N(=O)=O)(N(F)F)N(F)F)N(=O)=O)(N(F)F)N(F)F
3-Methyl-2-diazo-4,5,6-trinitrophenol,c1(c(c(c(c(c1[N+]#N)C)N(=O)=O)N(=O)=O)N(=O)=O)[O-]
5-Chloro-2-diazo-4,6-dinitrophenol,c1(c(c(c(cc1[N+]#N)N(=O)=O)Cl)N(=O)=O)[O-]
4,4,8,8-Tetranitro-1,11-dinitrato-6-nitrazaundecane,N(N(=O)=O)(CCC(CCON(=O)=O)(N(=O)=O)N(=O)=O)CCC(CCON(=O)=O)(N(=O)=O)N(=O)=O
Compound (21) in PEP 19,249 (1994),C(=C\c1c(cc(c(c1N(=O)=O)N(CCON(=O)=O)N(=O)=O)N(=O)=O)N(=O)=O)/c1c(cc(cc1N(=O)=O)N(=O)=O)N(=O)=O
Compound (5) in PEP 19,249 (1994),c1(c(c(c(c(c1N(=O)=O)N)N(=O)=O)N)N(=O)=O)NCCON(=O)=O
Compound (2) in PEP 19,249 (1994),c1(c(c(c(c(c1N(=O)=O)NCCON(=O)=O)N(=O)=O)NCCON(=O)=O)N(=O)=O)NCCON(=O)=O
Nitrocellulose,O1C(C2C(C(C1OC1C(OC(C(C1ON(=O)=O)ON(=O)=O)O2)CON(=O)=O)ON(=O)=O)ON(=O)=O)CON(=O)=O
3,5,5-trinitro-3-azahexyl nitrate,N(N(=O)=O)(CCON(=O)=O)CC(N(=O)=O)(C)N(=O)=O
1,2,3-propanetriol trinitrate,O(CC(ON(=O)=O)CON(=O)=O)N(=O)=O
Compound (1) in PEP 19,249 (1994),c1(c(cc(c(c1N(=O)=O)N(CCON(=O)=O)N(=O)=O)N(=O)=O)N(=O)=O)NCCON(=O)=O
2,2-bis(nitroxymethyl)-1,3-propanediol dinitrate,C(C(CON(=O)=O)(CON(=O)=O)CON(=O)=O)ON(=O)=O
3-[N-(2,2,2-trintro-ethyl)nitramino]propyl nitrate,N(CCCON(=O)=O)(CC(N(=O)=O)(N(=O)=O)N(=O)=O)N(=O)=O
1,9-dinitrato-2,4,6,8-tetranitrazanonane,O(CN(CN(CN(CN(CON(=O)=O)N(=O)=O)N(=O)=O)N(=O)=O)N(=O)=O)N(=O)=O
N-(2,2,2-trinitroethyl)-nitraminoethyl nitrate,N(N(=O)=O)(CC(N(=O)=O)(N(=O)=O)N(=O)=O)CCON(=O)=O
Erythritol tetranitrate,O(CC(C(CON(=O)=O)ON(=O)=O)ON(=O)=O)N(=O)=O
N-Nitro-N-methylformamide,CN(C=O)N(=O)=O
1,7-dimethoxy-2,4,6-trinitrazaheptane,N(N(=O)=O)(CN(COC)N(=O)=O)CN(N(=O)=O)COC
2,2-dinitropropanediol-bis-(5,5-dinitro-2-nitraza-hexanoate),O(CC(N(=O)=O)(COC(=O)N(CCC(C)(N(=O)=O)N(=O)=O)N(=O)=O)N(=O)=O)C(=O)N(CCC(N(=O)=O)(C)N(=O)=O)N(=O)=O
N-methyl-N,N'-dinitro-1,2-ethanediamine,N(N(=O)=O)CCN(N(=O)=O)C
1,4-dinitroglycoluril,N1C(=O)N(C2C1N(C(=O)N2)N(=O)=O)N(=O)=O
N,N'-dinitro-N,N'-bis-(3-nitrazabutyl)-oxamide,N(CCN(C(=O)C(=O)N(N(=O)=O)CCN(C)N(=O)=O)N(=O)=O)(N(=O)=O)C
2-Nitroimino-5-nitrohexahydro-1,3,5-triazine,C1(=NN(=O)=O)NCN(CN1)N(=O)=O
N-(2,2-dinitrobutyl)-N-2,2-trinitro-1-butanamine,N(N(=O)=O)(CC(N(=O)=O)(N(=O)=O)CC)CC(N(=O)=O)(CC)N(=O)=O
N,N'-dimethyl-N,N'-dinitrooxamide,N(N(=O)=O)(C)C(=O)C(=O)N(N(=O)=O)C
2,2,4,7,9,9-hexanitro-4,7-diazadecane,N(CCN(CC(N(=O)=O)(N(=O)=O)C)N(=O)=O)(CC(C)(N(=O)=O)N(=O)=O)N(=O)=O
Compound (16) in PEP 39,90 (2014),N1(C(=O)N(C2(C1(N(C(=O)N2N(=O)=O)N(=O)=O)C(=O)OCC)C(=O)OCC)N(=O)=O)N(=O)=O
,4,6,8-tetraazabicyclo[3.3.0]octane-3-one,N1(CN(C2C1N(C(=O)N2)N(=O)=O)N(=O)=O)N(=O)=O
N,N'-dinitro-N,N'-bis-[2-(nitroamino)ethyl]-1,2-ethanediamine,C(CN(N(=O)=O)CCNN(=O)=O)N(N(=O)=O)CCNN(=O)=O
2,2,6,9,9-pentanitro-4-oxa-5-oxo-6-azadecane,N(N(=O)=O)(CCC(C)(N(=O)=O)N(=O)=O)C(=O)OCC(N(=O)=O)(C)N(=O)=O
2,2,4,7,7,10,12,12-octanitro-4,10-diazatridecane,N(CCC(N(=O)=O)(N(=O)=O)CCN(N(=O)=O)CC(N(=O)=O)(C)N(=O)=O)(CC(C)(N(=O)=O)N(=O)=O)N(=O)=O
trinitroethyl-2-methoxy-ethylnitramine,N(CCOC)(CC(N(=O)=O)(N(=O)=O)N(=O)=O)N(=O)=O
N,N'-dinitro-N-[2-(nitroamino)ethyl]-1,2-ethanediamine,N(N(=O)=O)CCN(N(=O)=O)CCNN(=O)=O
2,2,5,7,7,9,12,12-octanitro-5,9-diazatridecane,N(CC(N(=O)=O)(CN(N(=O)=O)CCC(N(=O)=O)(N(=O)=O)C)N(=O)=O)(CCC(N(=O)=O)(C)N(=O)=O)N(=O)=O
N,N'-dinitro-N,N'-bis-(3,3-dintrobutyl)-oxamide-triazatetradecane,O=C(N(N(=O)=O)CCC(N(=O)=O)(N(=O)=O)C)C(=O)N(N(=O)=O)CCC(N(=O)=O)(N(=O)=O)C
1,4,5,8-tetranitro-hexahydropyrazino[2,3:b]piperazine,N1(CCN(C2C1N(CCN2N(=O)=O)N(=O)=O)N(=O)=O)N(=O)=O
N,N'-3,3-tetranitro-1,5-pentanediamine,N(CCC(N(=O)=O)(N(=O)=O)CCNN(=O)=O)N(=O)=O
2,2,2-trinitroethyl-4-nitrazavalerate,N(CC(=O)OCC(N(=O)=O)(N(=O)=O)N(=O)=O)(CC)N(=O)=O
N,N'-dinitro-1,2-ethanediamine,N(N(=O)=O)CCNN(=O)=O
2,4,6-Trinitrophenylmethylnitramine,c1(c(cc(cc1N(=O)=O)N(=O)=O)N(=O)=O)N(N(=O)=O)C
cyclotetrametylene-tetranitramine,C1N(CN(CN(CN1N(=O)=O)N(=O)=O)N(=O)=O)N(=O)=O
bis-(2,2,2-trinitroethyl)-3,6-dintraza-1,8-octanedioate,N(N(=O)=O)(CC(=O)OCC(N(=O)=O)(N(=O)=O)N(=O)=O)CCN(N(=O)=O)CC(=O)OCC(N(=O)=O)(N(=O)=O)N(=O)=O
bis-(2,2,2-trinitroethyl)-4-nitraza-1,7-heptanedioate,N(N(=O)=O)(CCC(=O)OCC(N(=O)=O)(N(=O)=O)N(=O)=O)CCC(=O)OCC(N(=O)=O)(N(=O)=O)N(=O)=O
N-(2,2-nitropropyl)-N,2,2-trinitro-1-propanamine,N(N(=O)=O)(CC(N(=O)=O)(N(=O)=O)C)CC(N(=O)=O)(C)N(=O)=O
cyclotrimethylene-trinitramine,N1(CN(CN(C1)N(=O)=O)N(=O)=O)N(=O)=O
trinitroethyl-5,5-dinitro-3-nitrazahexanoate,O(CC(N(=O)=O)(N(=O)=O)N(=O)=O)C(=O)CN(N(=O)=O)CC(C)(N(=O)=O)N(=O)=O
Compound (15) in PEP 39,90 (2014),N1(C(=O)N(C2(C1(N(C(=O)N2N(=O)=O)N(=O)=O)C(=O)OC)C(=O)OC)N(=O)=O)N(=O)=O
1,1,1,3,6,6,8,10,10,13,15,15,15-tridecanitro-3,8,13-triazapentadecane,N(=O)(=O)C(N(=O)=O)(CN(CCC(CN(N(=O)=O)CC(CCN(CC(N(=O)=O)(N(=O)=O)N(=O)=O)N(=O)=O)(N(=O)=O)N(=O)=O)(N(=O)=O)N(=O)=O)N(=O)=O)N(=O)=O
2,2,2-trinitroethyl-2,5,5-trinitro-2-azahexanoate,O(CC(N(=O)=O)(N(=O)=O)N(=O)=O)C(=O)N(N(=O)=O)CCC(N(=O)=O)(N(=O)=O)C
N-nitro-N,N'-bis-(trinitropropyl)-urea,N(C(=O)NCCC(N(=O)=O)(N(=O)=O)N(=O)=O)(CCC(N(=O)=O)(N(=O)=O)N(=O)=O)N(=O)=O
N-Methyl-2-amino-N,3,4,5,6-pentanitrotoluene,c1(c(c(c(c(c1N(C)N(=O)=O)N(=O)=O)N(=O)=O)N(=O)=O)N(=O)=O)C
2,2,2-trinitroethyl-3,3-dinitrobutyl nitramine,N(CCC(N(=O)=O)(N(=O)=O)C)(CC(N(=O)=O)(N(=O)=O)N(=O)=O)N(=O)=O
Compound (2) in JOC 61,9340 (1996),C12C(C3C1N(CN3N(=O)=O)N(=O)=O)N(CN2N(=O)=O)N(=O)=O
1,1,1,3,6,9,12,14,14,14-decanitro-3,6,9,12-tetraza-tetradecane,N(N(=O)=O)(CCN(N(=O)=O)CC(N(=O)=O)(N(=O)=O)N(=O)=O)CCN(N(=O)=O)CCN(N(=O)=O)CC(N(=O)=O)(N(=O)=O)N(=O)=O
1,1,1,18,18,18-hexanitro-3,16-dioxa-4,15-dioxo-5,8,11-14-tetranitrazaoctadecane,C(OC(=O)N(CCN(CCN(CCN(C(=O)OCC(N(=O)=O)(N(=O)=O)N(=O)=O)N(=O)=O)N(=O)=O)N(=O)=O)N(=O)=O)C(N(=O)=O)(N(=O)=O)N(=O)=O
trinitroethyl-N-ethyl-N-nitro-carbamate,O(CC(N(=O)=O)(N(=O)=O)N(=O)=O)C(=O)N(N(=O)=O)CC
2,2,2-Trinitroethyl-2,4,6,6-tetranitro-2,4-diazaheptanoate,O=C(N(CN(N(=O)=O)CC(C)(N(=O)=O)N(=O)=O)N(=O)=O)OCC(N(=O)=O)(N(=O)=O)N(=O)=O
N-Methyl-3-amino-N,2,4,5,6-pentanitrotoluene,c1(c(c(c(c(c1N(=O)=O)N(C)N(=O)=O)N(=O)=O)N(=O)=O)N(=O)=O)C
N-nitro-N-(trinitroethyl)-glycinamide,C(C(N(=O)=O)(N(=O)=O)N(=O)=O)N(CC(=O)N)N(=O)=O
N-methyl-N-nitro-(trinitroethyl)-carbamate,O=C(N(C)N(=O)=O)OCC(N(=O)=O)(N(=O)=O)N(=O)=O
bis-(trinitroethyl)-2,5,8-trinitrazanonanedioate,O=C(OCC(N(=O)=O)(N(=O)=O)N(=O)=O)N(CCN(N(=O)=O)CCN(C(=O)OCC(N(=O)=O)(N(=O)=O)N(=O)=O)N(=O)=O)N(=O)=O
trinitropropyl-(2,2-dinitropropyl)-nitramine,N(N(=O)=O)(CC(C)(N(=O)=O)N(=O)=O)CCC(N(=O)=O)(N(=O)=O)N(=O)=O
1,4-bis-(5,5,5-trinitro-2-nitrazapentanoate)-2-butyne,O(C#COC(=O)N(N(=O)=O)CCC(N(=O)=O)(N(=O)=O)N(=O)=O)C(=O)N(N(=O)=O)CCC(N(=O)=O)(N(=O)=O)N(=O)=O
2,2-dinitropropyl-5,5,5-trinitro-2-nitrazapentanoate,N(N(=O)=O)(C(=O)OCC(N(=O)=O)(C)N(=O)=O)CCC(N(=O)=O)(N(=O)=O)N(=O)=O
trinitroethyl-nitroguanidine,N(=C(\N)/NCC(N(=O)=O)(N(=O)=O)N(=O)=O)/N(=O)=O
Bis-(5,5,5-trinitro-3-nitrazapentanoyl)-methylenedinitramine,C(N(CC(=O)N(CN(C(=O)CN(CC(N(=O)=O)(N(=O)=O)N(=O)=O)N(=O)=O)N(=O)=O)N(=O)=O)N(=O)=O)C(N(=O)=O)(N(=O)=O)N(=O)=O
bis-(5,5,5-trinitro-3-nitrazapentanoyl)-methylenedinitramine,N(C(NN(=O)=O)(CCN(N(=O)=O)CC(N(=O)=O)(N(=O)=O)N(=O)=O)CCN(CC(N(=O)=O)(N(=O)=O)N(=O)=O)N(=O)=O)N(=O)=O
2',2',2'-trinitroethyl-2,5-dinitrazahexanoate,N(N(=O)=O)(CCN(C(=O)OCC(N(=O)=O)(N(=O)=O)N(=O)=O)N(=O)=O)C
1,3,3,5,5-pentanitropiperidine,N(=O)(=O)C1(CN(CC(C1)(N(=O)=O)N(=O)=O)N(=O)=O)N(=O)=O
bis-(2,2,2-trinitroethyl)-3-nitrazaglutarate,C(N(CC(=O)OCC(N(=O)=O)(N(=O)=O)N(=O)=O)N(=O)=O)C(=O)OCC(N(=O)=O)(N(=O)=O)N(=O)=O
Hexanitrohexaazaisowurtzitane,C12N(C3C(N1N(=O)=O)N(C1C(N3N(=O)=O)N(C2N1N(=O)=O)N(=O)=O)N(=O)=O)N(=O)=O
N,N'-dinitromethanediamine,C(NN(=O)=O)NN(=O)=O
bis-(trinitroethyl)-2,4,6-trinitrazaheptanedioate,O=C(OCC(N(=O)=O)(N(=O)=O)N(=O)=O)N(CN(CN(C(=O)OCC(N(=O)=O)(N(=O)=O)N(=O)=O)N(=O)=O)N(=O)=O)N(=O)=O
N,N'-dinitromethylene-bis-(4,4,4-trinitro)-butyramide,O=C(CCC(N(=O)=O)(N(=O)=O)N(=O)=O)N(CN(N(=O)=O)C(=O)CCC(N(=O)=O)(N(=O)=O)N(=O)=O)N(=O)=O
1,3,5-tris(1-oxo-5,5,5-trinitro-3-nitrazapentyl)-s-triazacyclohexane,C1N(CN(CN1C(=O)CN(CC(N(=O)=O)(N(=O)=O)N(=O)=O)N(=O)=O)C(=O)CN(CC(N(=O)=O)(N(=O)=O)N(=O)=O)N(=O)=O)C(=O)CN(CC(N(=O)=O)(N(=O)=O)N(=O)=O)N(=O)=O
1,1,1,3,6,9,11,11,11-nonanitro-3,6,9-triazaundecane,N(N(=O)=O)(CC(N(=O)=O)(N(=O)=O)N(=O)=O)CCN(N(=O)=O)CCN(N(=O)=O)CC(N(=O)=O)(N(=O)=O)N(=O)=O
bis-(trinitroethyl)-5,5-dinitro-2,8-dintraza-nonanedioate,N(=O)(=O)C(N(=O)=O)(CCN(N(=O)=O)C(=O)OCC(N(=O)=O)(N(=O)=O)N(=O)=O)CCN(C(=O)OCC(N(=O)=O)(N(=O)=O)N(=O)=O)N(=O)=O
Compound (1) in JOC 61,9340 (1996),C12C(C3C1N(C(=O)N3N(=O)=O)N(=O)=O)N(C(=O)N2N(=O)=O)N(=O)=O
1,1,1,4,6,6,8,11,11,11-Decanitro-4,8-diazaundecane,N(CC(N(=O)=O)(CN(N(=O)=O)CCC(N(=O)=O)(N(=O)=O)N(=O)=O)N(=O)=O)(CCC(N(=O)=O)(N(=O)=O)N(=O)=O)N(=O)=O
1,1,1,5,7,10,14,14,14-nonanitro-3,12-dioxa-4,11-dioxo-5,7,10-triazatetradecane,C(COC(=O)N(CN(CCN(C(=O)OCC(N(=O)=O)(N(=O)=O)N(=O)=O)N(=O)=O)N(=O)=O)N(=O)=O)(N(=O)=O)(N(=O)=O)N(=O)=O
trinitroethyl-cyanomethylnitramine,N(CC#N)(CC(N(=O)=O)(N(=O)=O)N(=O)=O)N(=O)=O
Compound (14) in PEP 39,90 (2014),N1(C(=O)N(C2(C1(N(C(=O)N2N(=O)=O)N(=O)=O)C)C)N(=O)=O)N(=O)=O
N-methyl-N'-trinitroethyl-N,N'-dinitro-1,2-ethanediamine,N(CCN(N(=O)=O)C)(CC(N(=O)=O)(N(=O)=O)N(=O)=O)N(=O)=O
1,1,1,3,6,6,9,11,11,11-decanitro-3,9-diazaundecane,N(CCC(N(=O)=O)(N(=O)=O)CCN(N(=O)=O)CC(N(=O)=O)(N(=O)=O)N(=O)=O)(CC(N(=O)=O)(N(=O)=O)N(=O)=O)N(=O)=O
bis-(trinitroethyl)-2,4-dinitrazapentanedioate,C(N(N(=O)=O)C(=O)OCC(N(=O)=O)(N(=O)=O)N(=O)=O)N(C(=O)OCC(N(=O)=O)(N(=O)=O)N(=O)=O)N(=O)=O
methyl-2,2,2-trinitroethylnitramine,N(N(=O)=O)(CC(N(=O)=O)(N(=O)=O)N(=O)=O)C
2,2,2-trinitroethyl-N-(2,2,2-trinitroethyl)-nitramino acetate,C([C@H](CC(N(=O)=O)(N(=O)=O)N(=O)=O)N(N(=O)=O)OC(=O)C)(N(=O)=O)(N(=O)=O)N(=O)=O
N-nitro-N-(3,3,3-trinitropropyl)-2,2,2-trintroethyl carbamate,O=C(N(N(=O)=O)CCC(N(=O)=O)(N(=O)=O)N(=O)=O)OCC(N(=O)=O)(N(=O)=O)N(=O)=O
N,N'-dinitro-N,N'-bis-(3,3,3-trinitropropyl)-oxamide,N(CCC(N(=O)=O)(N(=O)=O)N(=O)=O)(N(=O)=O)C(=O)C(=O)N(CCC(N(=O)=O)(N(=O)=O)N(=O)=O)N(=O)=O
1-nitro-2,5-bis-(trinitromethyl)-pyrrolidine,N1(C(CCC1C(N(=O)=O)(N(=O)=O)N(=O)=O)C(N(=O)=O)(N(=O)=O)N(=O)=O)N(=O)=O
2,2,2-trinitroethyl-3',3',3'-trinitropropylnitramine,N(CCC(N(=O)=O)(N(=O)=O)N(=O)=O)(CC(N(=O)=O)(N(=O)=O)N(=O)=O)N(=O)=O
N,N'-bis-(2,2,2-trinitroethyl)-N,N'-dinitromethanediamine,N(N(=O)=O)(CC(N(=O)=O)(N(=O)=O)N(=O)=O)CN(N(=O)=O)CC(N(=O)=O)(N(=O)=O)N(=O)=O
bis-(2,2,2-trinitroethyl)-nitramine,N(CC(N(=O)=O)(N(=O)=O)N(=O)=O)(N(=O)=O)CC(N(=O)=O)(N(=O)=O)N(=O)=O
Nitromethane,CN(=O)=O
bis-(2,2-dinitropropyl)-carbonate,O=C(OCC(N(=O)=O)(C)N(=O)=O)OCC(N(=O)=O)(N(=O)=O)C
nitroisobutyl-4,4,4-trinitrobutyrate,O=C(CCC(N(=O)=O)(N(=O)=O)N(=O)=O)OCC(C)(C)N(=O)=O
1,3,5,7-Tetranitroadamantane,C12(CC3(CC(C1)(CC(C2)(C3)N(=O)=O)N(=O)=O)N(=O)=O)N(=O)=O
bis-(2,2-dinitropropyl)-oxalate,O=C(OCC(N(=O)=O)(C)N(=O)=O)C(=O)OCC(N(=O)=O)(C)N(=O)=O
2',2'-dinitropropyl-2,4,6-trinitrobenzoate,c1c(c(c(cc1N(=O)=O)N(=O)=O)C(=O)OCC(N(=O)=O)(N(=O)=O)C)N(=O)=O
2,2-dinitropropyl-trinitrobutyrate,O=C(CCC(N(=O)=O)(N(=O)=O)N(=O)=O)OCC(N(=O)=O)(N(=O)=O)C
2,2,2-trinitroethyl-4,4-dinitrohexanoate,N(=O)(=O)C(N(=O)=O)(N(=O)=O)COC(=O)CCC(N(=O)=O)(N(=O)=O)CC
5,5,5-trinitropentan-2-one,N(=O)(=O)C(N(=O)=O)(CCC(=O)C)N(=O)=O
ethylene-bis-(4,4,4-trinitrobutyrate),O(CCOC(=O)CCC(N(=O)=O)(N(=O)=O)N(=O)=O)C(=O)CCC(N(=O)=O)(N(=O)=O)N(=O)=O
methylene-bis-(4,4,4-trinitrobutyramide),O=C(CCC(N(=O)=O)(N(=O)=O)N(=O)=O)NCNC(=O)CCC(N(=O)=O)(N(=O)=O)N(=O)=O
N-(2-propyl)-trinitroacetamide,O=C(C(N(=O)=O)(N(=O)=O)N(=O)=O)NC(C)C
2,2-dinitro-1,3-propane-diol,C(C(N(=O)=O)(N(=O)=O)CO)O
N-(t-butyl)-trinitroacetamide,O=C(C(N(=O)=O)(N(=O)=O)N(=O)=O)NC(C)(C)C
1-dinitromethyl-3-nitrobenzene,c1cc(cc(c1)N(=O)=O)C(N(=O)=O)N(=O)=O
2,2-dinitrobutyl-4,4,4-trinitrobutyramide,O=C(NCC(CC)(N(=O)=O)N(=O)=O)CCC(N(=O)=O)(N(=O)=O)N(=O)=O
ethyl-2,2,2-trinitroethylcarbonate,O=C(OCC(N(=O)=O)(N(=O)=O)N(=O)=O)OCC
3,3,4,4-tetranitrohexane,CCC(N(=O)=O)(N(=O)=O)C(N(=O)=O)(CC)N(=O)=O
2',2',2'-trinitroethyl-3,5-dinitrobenzoate,N(=O)(=O)c1cc(cc(c1)N(=O)=O)C(=O)OCC(N(=O)=O)(N(=O)=O)N(=O)=O
2,2-dinitropropyl-4,4,4-trinitrobutyramide,O=C(CCC(N(=O)=O)(N(=O)=O)N(=O)=O)NCC(N(=O)=O)(N(=O)=O)C
N,N-bis-(2,2-dinitropropyl)-4,4,4-trinitrobutyramide,O=C(CCC(N(=O)=O)(N(=O)=O)N(=O)=O)N(CC(N(=O)=O)(C)N(=O)=O)CC(N(=O)=O)(C)N(=O)=O
2,2,2-trinitroethyl-4,4-dinitrovalerate,O(CC(N(=O)=O)(N(=O)=O)N(=O)=O)C(=O)CCC(N(=O)=O)(C)N(=O)=O
bis-(2,2,2-trinitroethyl)-4,4-dinitroheptanedioate,C(=O)(CCC(N(=O)=O)(N(=O)=O)CCC(=O)OCC(N(=O)=O)(N(=O)=O)N(=O)=O)OCC(N(=O)=O)(N(=O)=O)N(=O)=O
3,3,9,9-tetranitro-1,5,7,11-tetraoxaspiro-(5.5)-undecane,O1CC(COC21OCC(CO2)(N(=O)=O)N(=O)=O)(N(=O)=O)N(=O)=O
bis(2-fluoro-2,2-dinitroethyl)formal,C(OCC(N(=O)=O)(N(=O)=O)F)OCC(N(=O)=O)(N(=O)=O)F
2,2,4,6,6-pentanitroheptane,CC(N(=O)=O)(CC(CC(N(=O)=O)(C)N(=O)=O)N(=O)=O)N(=O)=O
2,2-Dinitropropane-1,3-diol-bis-(4,4,4-trinitrobutyrate),O=C(CCC(N(=O)=O)(N(=O)=O)N(=O)=O)OCC(COC(=O)CCC(N(=O)=O)(N(=O)=O)N(=O)=O)(N(=O)=O)N(=O)=O
N,N'-bis-(3,3,3-trinitropropyl)-oxamide,O=C(NCCC(N(=O)=O)(N(=O)=O)N(=O)=O)C(=O)NCCC(N(=O)=O)(N(=O)=O)N(=O)=O
2',2',2'-trinitroethyl-3,5-dinitrosalicylate,c1c(cc(c(c1C(=O)OCC(N(=O)=O)(N(=O)=O)N(=O)=O)O)N(=O)=O)N(=O)=O
4,4,4-trinitrobutyramide,O=C(N)CCC(N(=O)=O)(N(=O)=O)N(=O)=O
1,1,1,7,7,7-hexanitroheptan-4-one,O=C(CCC(N(=O)=O)(N(=O)=O)N(=O)=O)CCC(N(=O)=O)(N(=O)=O)N(=O)=O
1,1,1,3-tetranitrobutane,N(=O)(=O)C(N(=O)=O)(N(=O)=O)C[C@@H](N(=O)=O)C
bis-(2,2,2-trinitroethyl)-4,4,6,6,8,8-hexanitro-undecanedioate,C(C(N(=O)=O)(N(=O)=O)N(=O)=O)OC(=O)CCC(CC(CC(CCC(=O)OCC(N(=O)=O)(N(=O)=O)N(=O)=O)(N(=O)=O)N(=O)=O)(N(=O)=O)N(=O)=O)(N(=O)=O)N(=O)=O
1-(2,2,2-Trinitroethyl)-2,4,6-trinitrobenzene,c1cc(c(cc1N(=O)=O)N(=O)=O)CC(N(=O)=O)(N(=O)=O)N(=O)=O
1-(3,3,3-trinitropropyl)-2,4-dinitrobenzene,c1cc(c(cc1N(=O)=O)N(=O)=O)CCC(N(=O)=O)(N(=O)=O)N(=O)=O
bis-(2,2,2-trinitroethyl)-succinate,C(CC(=O)OCC(N(=O)=O)(N(=O)=O)N(=O)=O)C(=O)OCC(N(=O)=O)(N(=O)=O)N(=O)=O
4,4,4-trinitrobutyric anhydride,O(C(=O)CCC(N(=O)=O)(N(=O)=O)N(=O)=O)C(=O)CCC(N(=O)=O)(N(=O)=O)N(=O)=O
N-(trinitropropyl)-3,3,5,5-tetranitro-piperdine,N1(CC(CC(C1)(N(=O)=O)N(=O)=O)(N(=O)=O)N(=O)=O)CCC(N(=O)=O)(N(=O)=O)N(=O)=O
2,2,4,4,6,6-hexanitroheptane,CC(N(=O)=O)(CC(N(=O)=O)(CC(N(=O)=O)(C)N(=O)=O)N(=O)=O)N(=O)=O
methyl-2,2,2-trinitro-ethyl carbonate,O=C(OC)OCC(N(=O)=O)(N(=O)=O)N(=O)=O
methylene-bis-(trinitroethyl)-carbamate,C(NC(=O)OCC(N(=O)=O)(N(=O)=O)N(=O)=O)NC(=O)OCC(N(=O)=O)(N(=O)=O)N(=O)=O
1,5-bis-(trinitroethyl)-biuret,N(C(=O)NCC(N(=O)=O)(N(=O)=O)N(=O)=O)C(=O)NCC(N(=O)=O)(N(=O)=O)N(=O)=O
2',2',2'-trinitroethyl-2,4,6-trinitrobenzoate,c1c(c(c(cc1N(=O)=O)N(=O)=O)C(=O)OC(N(=O)=O)(N(=O)=O)N(=O)=O)N(=O)=O
2',2',2'-Trinitroethyl-2,4,6-trinitrobenzoate,c1(cc(cc(c1C(=O)OCC(N(=O)=O)(N(=O)=O)N(=O)=O)N(=O)=O)N(=O)=O)N(=O)=O
bis-(trinitropropyl)-urea,O=C(NCCC(N(=O)=O)(N(=O)=O)N(=O)=O)NCCC(N(=O)=O)(N(=O)=O)N(=O)=O
1-(3,3,3-trinitropropyl)-2,4,6-trinitrobenzene,c1c(cc(c(c1N(=O)=O)CCC(N(=O)=O)(N(=O)=O)N(=O)=O)N(=O)=O)N(=O)=O
bis-(1,1,1-trinitro-2-propyl)-urea,C(=O)(NC(C(N(=O)=O)(N(=O)=O)N(=O)=O)C)NC(C(N(=O)=O)(N(=O)=O)N(=O)=O)C
N-(2,2,2-trinitroethyl)-3,3,5,5-tetranitro-piperidine,N1(CC(CC(C1)(N(=O)=O)N(=O)=O)(N(=O)=O)N(=O)=O)CC(N(=O)=O)(N(=O)=O)N(=O)=O
2,2,2-trinitroethyl-4,4,4-trinitrobutyrate,C(=O)(OCC(N(=O)=O)(N(=O)=O)N(=O)=O)CCC(N(=O)=O)(N(=O)=O)N(=O)=O
N-trinitroethyl-4,4,4-trinitrobutyramide,O=C(CCC(N(=O)=O)(N(=O)=O)N(=O)=O)NCC(N(=O)=O)(N(=O)=O)N(=O)=O
2,2,2-trinitroethyl carbamate,O(C(=O)N)CC(N(=O)=O)(N(=O)=O)N(=O)=O
N,N'-bis-(2,2,2-trinitroethyl)-urea,O=C(NCC(N(=O)=O)(N(=O)=O)N(=O)=O)NCC(N(=O)=O)(N(=O)=O)N(=O)=O
bis-(trinitroethoxy)-methane,C(OCC(N(=O)=O)(N(=O)=O)N(=O)=O)OCC(N(=O)=O)(N(=O)=O)N(=O)=O
1,1,1,6,6,6-hexanitro-3-hexene,C(C/C=C/CC(N(=O)=O)(N(=O)=O)N(=O)=O)(N(=O)=O)(N(=O)=O)N(=O)=O
bis-(2,2,2-trinitroethyl)-carbonate,O=C(OCC(N(=O)=O)(N(=O)=O)N(=O)=O)OCC(N(=O)=O)(N(=O)=O)N(=O)=O
bis-(trinitroethyl)-oxalate,O=C(OCC(N(=O)=O)(N(=O)=O)N(=O)=O)C(=O)OCC(N(=O)=O)(N(=O)=O)N(=O)=O
trinitroethyl-2,2-dinitropropylcarbonate,O=C(OCC(N(=O)=O)(N(=O)=O)N(=O)=O)OCC(N(=O)=O)(N(=O)=O)C
bis-(trinitroethyl)-fumarate,C(=C\C(=O)OCC(N(=O)=O)(N(=O)=O)N(=O)=O)/C(=O)OCC(N(=O)=O)(N(=O)=O)N(=O)=O
bis-(trinitroethyl)-oxamide,O=C(NCC(N(=O)=O)(N(=O)=O)N(=O)=O)C(=O)NCC(N(=O)=O)(N(=O)=O)N(=O)=O
1-(2,2,2-trinitroethyl)-2,4,6-trinitrobenzene,N(=O)(=O)c1c(c(cc(c1)N(=O)=O)N(=O)=O)CC(N(=O)=O)(N(=O)=O)N(=O)=O
methylene-bis-N'N'-(2,2,2-trinitroacetamide),C(NC(=O)C(N(=O)=O)(N(=O)=O)N(=O)=O)NC(=O)C(N(=O)=O)(N(=O)=O)N(=O)=O
1,1,1,3,5,5,5-heptanitropentane,N(=O)(=O)C(N(=O)=O)(N(=O)=O)CC(N(=O)=O)CC(N(=O)=O)(N(=O)=O)N(=O)=O
1,1,1,6,6,6-Hexanitro-3-hexyne,C(CC#CCC(N(=O)=O)(N(=O)=O)N(=O)=O)(N(=O)=O)(N(=O)=O)N(=O)=O
tris-(2,2,2-trinitroethyl)-orthoformate,O(C(OCC(N(=O)=O)(N(=O)=O)N(=O)=O)OCC(N(=O)=O)(N(=O)=O)N(=O)=O)CC(N(=O)=O)(N(=O)=O)N(=O)=O
tetrakis-(2,2,2-trinitroethyl)-orthocarbonate,O(C(OCC(N(=O)=O)(N(=O)=O)N(=O)=O)(OCC(N(=O)=O)(N(=O)=O)N(=O)=O)OCC(N(=O)=O)(N(=O)=O)N(=O)=O)CC(N(=O)=O)(N(=O)=O)N(=O)=O
trinitroethyl-bis-(trinitroethoxy)-acetate,O=C(C(OCC(N(=O)=O)(N(=O)=O)N(=O)=O)OCC(N(=O)=O)(N(=O)=O)N(=O)=O)OCC(N(=O)=O)(N(=O)=O)N(=O)=O
4-picrylamino-1,2,4-triazole,c1n(cnn1)Nc1c(cc(cc1N(=O)=O)N(=O)=O)N(=O)=O
2-Nitro-1-picryl-imidazole,c1nc([nH]c1c1c(cc(cc1N(=O)=O)N(=O)=O)N(=O)=O)N(=O)=O
3-nitro-1,2,4-triazol-5-one,[nH]1c(=O)[nH]nc1N(=O)=O
3,5-dinitro-1-methyl-4-picrylaminopyrazole,c1(c(c(n(n1)C)N(=O)=O)Nc1c(cc(cc1N(=O)=O)N(=O)=O)N(=O)=O)N(=O)=O
3,5-bispicrylamino-1,2,4-triazole,c1(nc([nH]n1)Nc1c(cc(cc1N(=O)=O)N(=O)=O)N(=O)=O)Nc1c(cc(cc1N(=O)=O)N(=O)=O)N(=O)=O
3-amino-5-picrylamino-1,2,4-triazole,c1(nc([nH]n1)Nc1c(cc(cc1N(=O)=O)N(=O)=O)N(=O)=O)N
2-picryl-1,2,3-triazole,c1(cc(c(c(c1)N(=O)=O)n1nccn1)N(=O)=O)N(=O)=O
ANTA-NQ,n1c(nn(c1N)/C(=N/N(=O)=O)/N)N(=O)=O
4-nitro-1-picrylimidazole,c1(nc[nH]c1c1c(cc(cc1N(=O)=O)N(=O)=O)N(=O)=O)N(=O)=O
1-Amino-3,5-dinitropyrazole,c1c(nn(c1N(=O)=O)N)N(=O)=O
4-methyl-3,5-dinitro-1,2,4-triazole,c1(n(c(nn1)N(=O)=O)C)N(=O)=O
1-Methyl-3,5-dinitro-1,2,4-triazole,n1(nc(nc1N(=O)=O)N(=O)=O)C
5,5'-dinitro-3,3'-bi-1,2,4-triazole,c1([nH]nc(n1)N(=O)=O)c1[nH]nc(n1)N(=O)=O
4-Nitro-1-picryl-3-picrylaminopyrazole,c1(c(cn(n1)c1c(cc(cc1N(=O)=O)N(=O)=O)N(=O)=O)N(=O)=O)Nc1c(cc(cc1N(=O)=O)N(=O)=O)N(=O)=O
N,N'-dipicryl-5,5'-dinitro-3,3'-bi-1,2,4-triazole,c1(c2nc(n(n2)c2c(cc(cc2N(=O)=O)N(=O)=O)N(=O)=O)N(=O)=O)nc(n(n1)c1c(cc(cc1N(=O)=O)N(=O)=O)N(=O)=O)N(=O)=O
5,7-Diamino-4,6-dinitrobenzofuroxan,c1(c(c(c(c2c1no[n+]2[O-])N)N(=O)=O)N)N(=O)=O
3-amino-4-picrylaminofurazan,o1nc(c(n1)Nc1c(cc(cc1N(=O)=O)N(=O)=O)N(=O)=O)N
3,5-dinitro-1-methyl-4-picrylpyrazole,c1c(cc(c(c1N(=O)=O)c1c(nn(c1N(=O)=O)C)N(=O)=O)N(=O)=O)N(=O)=O
4-nitro-1-picrylpyrazole,c1(c(c(cc(c1)N(=O)=O)N(=O)=O)n1ncc(c1)N(=O)=O)N(=O)=O
2,4-dinitroimidazole,c1(nc([nH]c1)N(=O)=O)N(=O)=O
7-Amino-4,6-dinitrobenzofuroxan,c1(cc(c(c2c1no[n+]2[O-])N)N(=O)=O)N(=O)=O
4-(2,4-dinitrobenzyl)-3,5-dinitro-1,2,4-triazole,c1(n(c(nn1)N(=O)=O)Cc1c(cc(cc1)N(=O)=O)N(=O)=O)N(=O)=O
3,5-bis-(picrylamino)-1,2,4-oxadiazole,o1nc(nc1Nc1c(cc(cc1N(=O)=O)N(=O)=O)N(=O)=O)Nc1c(cc(cc1N(=O)=O)N(=O)=O)N(=O)=O
2,6-Dipicrylbenzo-[1,2-d:4,5-d']-bistriazole-4,8-dione,c1(=O)c2c(c(=O)c3c1nn(n3)c1c(cc(cc1N(=O)=O)N(=O)=O)N(=O)=O)nn(n2)c1c(cc(cc1N(=O)=O)N(=O)=O)N(=O)=O
1,3,7,9-Tetranitrodibenzo-1,3a,4,6a-tetrazapentalene,n12[n-]c3c([n+]1nc1c2cc(cc1N(=O)=O)N(=O)=O)cc(cc3N(=O)=O)N(=O)=O
4,6-Dinitrobenzofuroxan,c1(cc(cc2c1no[n+]2[O-])N(=O)=O)N(=O)=O
3,4-bis-(picrylamino)-furazan,o1nc(c(n1)Nc1c(cc(cc1N(=O)=O)N(=O)=O)N(=O)=O)Nc1c(cc(cc1N(=O)=O)N(=O)=O)N(=O)=O
2,4,5-Trinitroimidazole,c1(nc([nH]c1N(=O)=O)N(=O)=O)N(=O)=O
3-nitro-1-picryl-1,2,4-triazole,c1(ncn(n1)c1c(cc(cc1N(=O)=O)N(=O)=O)N(=O)=O)N(=O)=O
3-nitro-4-picrylaminofurazan,o1nc(c(n1)Nc1c(cc(cc1N(=O)=O)N(=O)=O)N(=O)=O)N(=O)=O
7-Amino-4,5,6-trinitrobenzofuroxan (107140-65-8),c1(c(c(c(c2c1no[n+]2[O-])N)N(=O)=O)N(=O)=O)N(=O)=O
8-Amino-7-nitrobenzobisfuroxan (1423364-70-8),c12c(c(c(c3c1no[n+]3[O-])N)N(=O)=O)no[n+]2[O-]
1,4-Dinitroimidazole,n1c(cn(c1)N(=O)=O)N(=O)=O
benzotrifuroxan,c12c3c(c4c(c1[n+](on2)[O-])no[n+]4[O-])no[n+]3[O-]
1-Methyl-2,4,5-trinitroimidazole,c1(c(nc(n1C)N(=O)=O)N(=O)=O)N(=O)=O
2,4-dinitro-1-picryl-imidazole,c1(nc([nH]c1c1c(cc(cc1N(=O)=O)N(=O)=O)N(=O)=O)N(=O)=O)N(=O)=O
4,4',5,5'-tetranitrobiimidazole,c1(nc([nH]c1N(=O)=O)c1[nH]c(c(n1)N(=O)=O)N(=O)=O)N(=O)=O
4-(2-nitroethyl)-3,5-dinitro-1,2,4-triazole,c1(n(c(nn1)N(=O)=O)CCN(=O)=O)N(=O)=O
3,4-Bis(4-nitro-1,2,5-oxadiazol-3-yl)-1,2,5-oxadiazole-2-oxide,o1nc(c(n1)c1[n+](onc1c1c(non1)N(=O)=O)[O-])N(=O)=O
3,5-dinitroisoxazole,o1c(cc(n1)N(=O)=O)N(=O)=O
3-amino-4-nitrofurazan,o1nc(c(n1)N)N(=O)=O
Compound (24) in PEP 19,249 (1994),o1c(nnc1c1c(c(c(c(c1N(=O)=O)NCCON(=O)=O)N(=O)=O)N(CCON(=O)=O)N(=O)=O)N(=O)=O)c1c(c(c(c(c1N(=O)=O)N(CCON(=O)=O)N(=O)=O)N(=O)=O)NCCON(=O)=O)N(=O)=O
2,5-dipicryl-1,3,4-oxadiazole,o1c(nnc1c1c(cc(cc1N(=O)=O)N(=O)=O)N(=O)=O)c1c(cc(cc1N(=O)=O)N(=O)=O)N(=O)=O
4,4'-dinitro-3,3'-bifurazan,o1nc(c(n1)N(=O)=O)c1c(non1)N(=O)=O
Compound (23) in PEP 19,249 (1994),o1c(nnc1c1c(cc(c(c1N(=O)=O)NCCON(=O)=O)N(=O)=O)N(=O)=O)c1c(c(c(cc1N(=O)=O)N(=O)=O)NCCON(=O)=O)N(=O)=O
1,3,5-Triamino-2,4,6-trinitrobenzene,N(=O)(=O)c1c(c(c(c(c1N)N(=O)=O)N)N(=O)=O)N
1,3-diamino-2,4,6-trinitrobenzene,N(=O)(=O)c1cc(c(c(c1N)N(=O)=O)N)N(=O)=O
1,4-dipicrylpyrazole,c1c(cn(n1)c1c(cc(cc1N(=O)=O)N(=O)=O)N(=O)=O)c1c(cc(cc1N(=O)=O)N(=O)=O)N(=O)=O
1-picrylimidazole,c1(c(c(cc(c1)N(=O)=O)N(=O)=O)n1ccnc1)N(=O)=O
2,4-dinitroresorcinol,c1c(c(c(c(c1)N(=O)=O)O)N(=O)=O)O
1,3-Dimethoxy-2,4,6-trinitrobenzene,N(=O)(=O)c1c(c(cc(c1OC)N(=O)=O)N(=O)=O)OC
1-Methyl-3,5-diamino-2,4,6-trinitrobenzene,N(=O)(=O)c1c(c(c(c(c1N)N(=O)=O)N)N(=O)=O)C
5-nitro-2,4,6-tris-(picrylamino)-pyrimidine,c1(nc(nc(c1N(=O)=O)Nc1c(cc(cc1N(=O)=O)N(=O)=O)N(=O)=O)Nc1c(cc(cc1N(=O)=O)N(=O)=O)N(=O)=O)Nc1cc(cc(c1N(=O)=O)N(=O)=O)N(=O)=O
2,4,6-trinitroanisole,O(c1c(cc(cc1N(=O)=O)N(=O)=O)N(=O)=O)C
2,6-bis-(picrylamino)-pyridine,n1c(cccc1Nc1c(cc(cc1N(=O)=O)N(=O)=O)N(=O)=O)Nc1c(cc(cc1N(=O)=O)N(=O)=O)N(=O)=O
2,4,6-trinitro-m-cresol,N(=O)(=O)c1c(c(cc(c1C)N(=O)=O)N(=O)=O)O
1-Ethoxy-2,4,6-trinitrobenzene,N(=O)(=O)c1c(c(cc(c1)N(=O)=O)N(=O)=O)OCC
2,4,6-trinitroaniline,c1(cc(c(c(c1)N(=O)=O)N)N(=O)=O)N(=O)=O
3-Amino-trinitrotoluene,c1(c(cc(c(c1N(=O)=O)N)N(=O)=O)N(=O)=O)C
3-Methyl-2,4,6-trinitroaniline,c1(c(cc(c(c1N(=O)=O)N)N(=O)=O)N(=O)=O)C
2,4,6-trinitrotoluene,N(=O)(=O)c1cc(c(c(c1)N(=O)=O)C)N(=O)=O
3-methyl-2,2',4,4',6,-pentanitrobiphenyl,N(=O)(=O)c1c(c(cc(c1)N(=O)=O)N(=O)=O)c1c(c(c(cc1)N(=O)=O)C)N(=O)=O
2,4,6-trinitrobenzonitrile,c1(c(cc(cc1N(=O)=O)N(=O)=O)N(=O)=O)C#N
2,4,6-trinitro-3-aminophenol,Nc1c(cc(c(c1N(=O)=O)O)N(=O)=O)N(=O)=O
3,3'-dimethyl-2,2',4,4',6,6'-hexanitrobiphenyl,Cc1c(cc(c(c1N(=O)=O)c1c(c(c(cc1N(=O)=O)N(=O)=O)C)N(=O)=O)N(=O)=O)N(=O)=O
3,3'-Diamino-2,2',4,4',6,6'-hexanitrobiphenyl,c1(cc(c(c(c1c1c(cc(c(c1N(=O)=O)N)N(=O)=O)N(=O)=O)N(=O)=O)N)N(=O)=O)N(=O)=O
3,3'-diamino-2,2',4,4',6,6'-hexanitrobiphenyl,N(c1c(c(c(cc1N(=O)=O)N(=O)=O)N)N(=O)=O)c1c(cc(c(c1N(=O)=O)N)N(=O)=O)N(=O)=O
1-hydroxy-3,5-diamino-2,4,6-trinitrobenzene,Oc1c(c(c(c(c1N(=O)=O)N)N(=O)=O)N)N(=O)=O
2,2',4,4',6,6'-hexanitrobibenzyl,C(c1c(cc(cc1N(=O)=O)N(=O)=O)N(=O)=O)Cc1c(cc(cc1N(=O)=O)N(=O)=O)N(=O)=O
Trinitromesitylene,c1(c(c(c(c(c1N(=O)=O)C)N(=O)=O)C)N(=O)=O)C
2,4,6-trinitrobenzoic acid,N(=O)(=O)c1c(c(cc(c1)N(=O)=O)N(=O)=O)C(=O)O
3,4,5-Trinitrotoluene,c1(cc(c(c(c1)N(=O)=O)N(=O)=O)N(=O)=O)C
1-Picryl-2-picrylamino-1,2-dihydropyrimidine,N1(C=CC=NC1Nc1c(cc(cc1N(=O)=O)N(=O)=O)N(=O)=O)c1c(cc(cc1N(=O)=O)N(=O)=O)N(=O)=O
1,3,5-trinitrobenzene,c1(cc(cc(c1)N(=O)=O)N(=O)=O)N(=O)=O
1,4,5,8-tetranitronaphthalene,c1(ccc(c2c1c(ccc2N(=O)=O)N(=O)=O)N(=O)=O)N(=O)=O
Trinitroxylene,c1(c(cc(c(c1N(=O)=O)C)N(=O)=O)N(=O)=O)C
3,5-bis-(picrylamino)-2,6-dinitropyridine,n1c(c(cc(c1N(=O)=O)Nc1c(cc(cc1N(=O)=O)N(=O)=O)N(=O)=O)Nc1c(cc(cc1N(=O)=O)N(=O)=O)N(=O)=O)N(=O)=O
4,6-Dinitro-1-picryl-benzotriazole,c1(cc(cc2c1ncn2c1c(cc(cc1N(=O)=O)N(=O)=O)N(=O)=O)N(=O)=O)N(=O)=O
Methyl-2,4,6-trinitrobenzoate,C(=O)(c1c(cc(cc1N(=O)=O)N(=O)=O)N(=O)=O)OC
1,3,5-trinitro-2,4,6-tripicryl benzene (BRX),c1(c(c(c(c(c1c1c(cc(cc1N(=O)=O)N(=O)=O)N(=O)=O)N(=O)=O)c1c(cc(cc1N(=O)=O)N(=O)=O)N(=O)=O)N(=O)=O)c1c(cc(cc1N(=O)=O)N(=O)=O)N(=O)=O)N(=O)=O
picric acid,N(=O)(=O)c1c(c(cc(c1)N(=O)=O)N(=O)=O)O
2,2',4,4',6,6'-hexanitrobiphenyl,N(=O)(=O)c1c(c(cc(c1)N(=O)=O)N(=O)=O)c1c(cc(cc1N(=O)=O)N(=O)=O)N(=O)=O
Tripicryl-s-triazine,n1c(nc(nc1c1c(cc(cc1N(=O)=O)N(=O)=O)N(=O)=O)c1c(cc(cc1N(=O)=O)N(=O)=O)N(=O)=O)c1c(cc(cc1N(=O)=O)N(=O)=O)N(=O)=O
2,4,6-Trinitro-1-chlorobenzene,N(=O)(=O)c1cc(c(c(c1)N(=O)=O)Cl)N(=O)=O
2,4,6-Trinitro-acetylbenzene,c1c(c(c(cc1N(=O)=O)N(=O)=O)C(=O)C)N(=O)=O
3,5-dimethyl-2,4,6-trinitrophenol,Oc1c(c(c(c(c1N(=O)=O)C)N(=O)=O)C)N(=O)=O
1-Methoxy-3,5-dichloro-2,4,6-trinitrobenzene,N(=O)(=O)c1c(c(c(c(c1Cl)N(=O)=O)OC)N(=O)=O)Cl
2-(2,4,6-Trinitrobenzene) ethanol,N(=O)(=O)c1c(c(cc(c1)N(=O)=O)N(=O)=O)CCO
2,6-bis-(picrylamino)-3,5-dinitropyridine,n1c(c(cc(c1Nc1c(cc(cc1N(=O)=O)N(=O)=O)N(=O)=O)N(=O)=O)N(=O)=O)Nc1c(cc(cc1N(=O)=O)N(=O)=O)N(=O)=O
2,2",4,4',4",6,6',6"-octanitro-m-terphenyl,c1c(c(cc(c1N(=O)=O)c1c(cc(cc1N(=O)=O)N(=O)=O)N(=O)=O)c1c(cc(cc1N(=O)=O)N(=O)=O)N(=O)=O)N(=O)=O
3,6-bis-(pricrylamino)-s-tetrazine,c1(nnc(nn1)Nc1c(cc(cc1N(=O)=O)N(=O)=O)N(=O)=O)Nc1c(cc(cc1N(=O)=O)N(=O)=O)N(=O)=O
2,2',2",4,4",6,6',6"-octanitro-p-terphenyl,c1(cc(cc(c1c1c(cc(cc1N(=O)=O)N(=O)=O)N(=O)=O)N(=O)=O)c1c(cc(cc1N(=O)=O)N(=O)=O)N(=O)=O)N(=O)=O
2,4,6,2',2",4",6"-heptanitro-4',6'-diaza-m-terphenyl,c1nc(c(c(n1)c1c(cc(cc1N(=O)=O)N(=O)=O)N(=O)=O)N(=O)=O)c1c(cc(cc1N(=O)=O)N(=O)=O)N(=O)=O
2,4,6,4',2",4",6"-heptanitro-2',6'-diaza-m-terphenyl,c1nc(nc(c1N(=O)=O)c1c(cc(cc1N(=O)=O)N(=O)=O)N(=O)=O)c1c(cc(cc1N(=O)=O)N(=O)=O)N(=O)=O
3,3',5,5'-tetranitro-2,2'-azopyridine,N(=N\c1ncc(cc1N(=O)=O)N(=O)=O)/c1ncc(cc1N(=O)=O)N(=O)=O
2,3,4-Trinitrotoluene,c1(ccc(c(c1N(=O)=O)N(=O)=O)N(=O)=O)C
2,2',4,4',6,-pentanitrobenzophenone,O=C(c1c(cc(cc1N(=O)=O)N(=O)=O)N(=O)=O)c1ccc(cc1N(=O)=O)N(=O)=O
3-methyl-2,2',4,4',6,6'-hexanitrobiphenyl,c1(c2c(c(c(cc2N(=O)=O)N(=O)=O)C)N(=O)=O)c(cc(cc1N(=O)=O)N(=O)=O)N(=O)=O
2,4,6-Trinitrobenzylalcohol,c1c(cc(c(c1N(=O)=O)CO)N(=O)=O)N(=O)=O
2,2',4,4',6,6'-hexanitrobiphenylamine,N(=O)(=O)c1c(c(cc(c1)N(=O)=O)N(=O)=O)Nc1c(cc(cc1N(=O)=O)N(=O)=O)N(=O)=O
4-Amino-2,3,5,6-tetranitrotoluene,c1(c(c(c(c(c1N(=O)=O)N(=O)=O)N)N(=O)=O)N(=O)=O)C
2,4,6-Trinitrobenzyl chloride,C(c1c(cc(cc1N(=O)=O)N(=O)=O)N(=O)=O)Cl
2,4,6-trinitroresorcinol,c1c(c(c(c(c1N(=O)=O)O)N(=O)=O)O)N(=O)=O
3-hydroxy-2,2',4,4',6,6'-hexanitrobiphenyl,N(=O)(=O)c1c(c(c(c(c1)N(=O)=O)O)N(=O)=O)c1c(cc(cc1N(=O)=O)N(=O)=O)N(=O)=O
2,4,6-trinitrobenzaldoxime,c1(cc(cc(c1/C=N/O)N(=O)=O)N(=O)=O)N(=O)=O
2,3,4,6-tetranitroaniline,N(=O)(=O)c1c(c(c(c(c1)N(=O)=O)N(=O)=O)N(=O)=O)N
3,3'-dihydroxy-2,2',4,4',6,6'-hexanitrobiphenyl,N(=O)(=O)c1cc(c(c(c1O)N(=O)=O)c1c(c(c(cc1N(=O)=O)N(=O)=O)O)N(=O)=O)N(=O)=O
azo-bis-2,2',4,4',6,6'-hexanitrobiphenyl,N(=N\c1c(c(c(cc1N(=O)=O)N(=O)=O)c1c(cc(cc1N(=O)=O)N(=O)=O)N(=O)=O)N(=O)=O)/c1c(c(c(cc1N(=O)=O)N(=O)=O)c1c(cc(cc1N(=O)=O)N(=O)=O)N(=O)=O)N(=O)=O
dodecanitroquaterphenyl,c1(cc(c(c(c1c1c(cc(cc1N(=O)=O)N(=O)=O)N(=O)=O)N(=O)=O)c1c(c(c(cc1N(=O)=O)N(=O)=O)c1c(cc(cc1N(=O)=O)N(=O)=O)N(=O)=O)N(=O)=O)N(=O)=O)N(=O)=O
2,2',2",4,4",5',6,6"-octanitro-p-terphenyl,c1c(c(cc(c1c1c(cc(cc1N(=O)=O)N(=O)=O)N(=O)=O)N(=O)=O)c1c(cc(cc1N(=O)=O)N(=O)=O)N(=O)=O)N(=O)=O
2,2',2",4,4',4",6,6',6"-nonanitro-m-terphenyl,c1c(c(c(c(c1N(=O)=O)c1c(cc(cc1N(=O)=O)N(=O)=O)N(=O)=O)N(=O)=O)c1c(cc(cc1N(=O)=O)N(=O)=O)N(=O)=O)N(=O)=O
2,2',4,4',6,6'-Hexanitrodiphenylmethane,C(c1c(cc(cc1N(=O)=O)N(=O)=O)N(=O)=O)c1c(cc(cc1N(=O)=O)N(=O)=O)N(=O)=O
hexanitrostilbene,c1(cc(cc(c1/C=C/c1c(cc(cc1N(=O)=O)N(=O)=O)N(=O)=O)N(=O)=O)N(=O)=O)N(=O)=O
3-Amino-2,4,5,6-tetranitrotoluene,c1(c(c(c(c(c1N(=O)=O)N)N(=O)=O)N(=O)=O)N(=O)=O)C
2,2,4,4,6,6-Hexanitroazobenzene,N(=N\c1c(cc(cc1N(=O)=O)N(=O)=O)N(=O)=O)/c1c(cc(cc1N(=O)=O)N(=O)=O)N(=O)=O
2-Amino-3,4,5,6-tetranitrotoluene,c1(c(c(c(c(c1N)N(=O)=O)N(=O)=O)N(=O)=O)N(=O)=O)C
2,4,6-trinitrobenzaldehyde,c1(cc(cc(c1C=O)N(=O)=O)N(=O)=O)N(=O)=O
2,6-bis-(picrylazo)-3,5-dinitropyridine,n1c(c(cc(c1/N=N/c1c(cc(cc1N(=O)=O)N(=O)=O)N(=O)=O)N(=O)=O)N(=O)=O)/N=N/c1c(cc(cc1N(=O)=O)N(=O)=O)N(=O)=O
2,4,6-Trinitrostyrene,c1(cc(cc(c1C=C)N(=O)=O)N(=O)=O)N(=O)=O
1,2,4,5-tetranitrobenzene,N(=O)(=O)c1cc(c(cc1N(=O)=O)N(=O)=O)N(=O)=O
2,4,6-trinitrophloroglucinol,N(=O)(=O)c1c(c(c(c(c1O)N(=O)=O)O)N(=O)=O)O
2,3,5,6-Tetranitrotoluene,c1(c(c(cc(c1N(=O)=O)N(=O)=O)N(=O)=O)N(=O)=O)C
4,4'-Diamino-2,2',3,3',4,4',5,5',6,6'-octanitrobiphenyl,c1(c(c(c(c(c1c1c(c(c(c(c1N(=O)=O)N(=O)=O)N)N(=O)=O)N(=O)=O)N(=O)=O)N(=O)=O)N)N(=O)=O)N(=O)=O
2,4,6-trinitropyridine-1-oxide,[n+]1(c(cc(cc1N(=O)=O)N(=O)=O)N(=O)=O)[O-]
2,3,4,6-Tetranitrotoluene,c1(c(cc(c(c1N(=O)=O)N(=O)=O)N(=O)=O)N(=O)=O)C
Pentanitrotoluene,c1(c(c(c(c(c1N(=O)=O)N(=O)=O)N(=O)=O)N(=O)=O)N(=O)=O)C
pentanitroaniline,Nc1c(c(c(c(c1N(=O)=O)N(=O)=O)N(=O)=O)N(=O)=O)N(=O)=O
2,3,4,5-Tetranitrotoluene,c1(cc(c(c(c1N(=O)=O)N(=O)=O)N(=O)=O)N(=O)=O)C
hexanitrobenzene,N(=O)(=O)c1c(c(c(c(c1N(=O)=O)N(=O)=O)N(=O)=O)N(=O)=O)N(=O)=O
Pentanitrobenzene,c1c(c(c(c(c1N(=O)=O)N(=O)=O)N(=O)=O)N(=O)=O)N(=O)=O
CUGCOW,O=N(=O)C12C3C4(N(=O)=O)C1(N(=O)=O)C1(N(=O)=O)C2(N(=O)=O)C3(N(=O)=O)C41N(=O)=O
PUBMUU02,O=N(=O)N1C2C3N(N(=O)=O)C4C1N(N(=O)=O)C(C(N2N(=O)=O)N3N(=O)=O)N4N(=O)=O
KURT08MO,[H]C([H])(N(N(=O)=O)C([H])([H])C(N(F)F)(N(=O)=O)N(=O)=O)C(N(F)F)(N(=O)=O)N(=O)=O
ELUDEV,O=N(=O)NC1=NON=C1N=NC1=NON=C1NN(=O)=O
UGUGUY,O=N(=O)C12C3C4(C1C1(N(=O)=O)C2(N(=O)=O)C3(N(=O)=O)C41N(=O)=O)N(=O)=O
KTNFC,O=N(=O)N1C2C(N(N(=O)=O)C1(C(F)(F)F)C(F)(F)F)N(N(=O)=O)C(C(F)(F)F)(C(F)(F)F)N2N(=O)=O
CUGDIR,O=N(=O)C12C3(N(=O)=O)C4(N(=O)=O)C1(N(=O)=O)C1(N(=O)=O)C2(N(=O)=O)C3(N(=O)=O)C41N(=O)=O
CUVFAA,FC(CC(F)(N(=O)=O)N(=O)=O)(CC(F)(N(=O)=O)N(=O)=O)N(=O)=O
LELXOP,FC(CN(CC(C(ON(=O)=O)C(ON(=O)=O)C(CN(CC(F)(N(=O)=O)N(=O)=O)N(=O)=O)(N(=O)=O)N(=O)=O)(N(=O)=O)N(=O)=O)N(=O)=O)(N(=O)=O)N(=O)=O
WILL6W,O=N(=O)c1nonc1N(CN(c2nonc2N(=O)=O)N(=O)=O)N(=O)=O
CUVDUS,FC(CC(CC(F)(N(=O)=O)N(=O)=O)(N(=O)=O)N(=O)=O)(N(=O)=O)N(=O)=O
LIV47CC,O=N(=O)c1n[nH]c(N(=O)=O)c1N(=O)=O
KAHHIM,O=N(=O)C1=C(C(=NN1)N(=O)=O)N(=O)=O
XIXQOL,O=C(NN(=O)=O)NN(=O)=O
FNETAM01,FC(CN(CC(F)(N(=O)=O)N(=O)=O)N(=O)=O)(N(=O)=O)N(=O)=O
DILFUZ,O=N(=O)N(CCN(CC(N(=O)=O)(N(=O)=O)N(=O)=O)N(=O)=O)CC(N(=O)=O)(N(=O)=O)N(=O)=O
HA06,O=C2N(N(=O)=O)C1C(N(N(=O)=O)CN1N(=O)=O)N2N(=O)=O
HOBZEE,CN(CC(N(=O)=O)(N(=O)=O)N(=O)=O)N(=O)=O
EGEHAA,O=N(=O)OCC(CON(=O)=O)(N(=O)=O)C(CON(=O)=O)(CON(=O)=O)N(=O)=O
EAT45,[H]C([H])([H])C25C1(N(=O)=O)C4(N(=O)=O)C3(N(=O)=O)C1(N(=O)=O)C2(N(=O)=O)C3(N(=O)=O)C45N(=O)=O
CLC7871,O=C1N(N(=O)=O)CN(N(=O)=O)CN1N(=O)=O
PIC18A,[H]c1nc(N(=O)=O)c(N(=O)=O)n1F
CELFII,FC(C(OC=O)C(OC=O)C(F)(N(=O)=O)N(=O)=O)(N(=O)=O)N(=O)=O
XAHMIE,O=N(=O)N1CN(C2=NON=C2N(C1)N(=O)=O)N(=O)=O
ECUXOQ,[H]N1C4C2N(N(=O)=O)C1C3N(N(=O)=O)C(C(N2N(=O)=O)N3N(=O)=O)N4N(=O)=O
HNOBEN,O=N(=O)c1c(c(c(c(c1N(=O)=O)N(=O)=O)N(=O)=O)N(=O)=O)N(=O)=O
NAWC09CD,O=N(=O)N1CC(N(F)F)(N(F)F)CN(N(=O)=O)CC(N(=O)=O)(N(=O)=O)C1
QEVVIX,O=C1NC(NC(N1)=NN(=O)=O)=NN(=O)=O
NACXEU,O=N(=O)C12C3C4(C1C1(C2C3(N(=O)=O)C41N(=O)=O)N(=O)=O)N(=O)=O
HA12,[H]N1C(=O)N(N(=O)=O)C3C1N(N(=O)=O)C2C(N([H])C(=O)N2N(=O)=O)N3N(=O)=O
NWC13A,O=CN1C2C3N(N(=O)=O)C4C1N(N(=O)=O)C(C(N2N(=O)=O)N3N(=O)=O)N4N(=O)=O
DFTNBD,OC(C(O)C(F)(N(=O)=O)N(=O)=O)C(F)(N(=O)=O)N(=O)=O
BCHMXLT,O=N(=O)N1CN(N(=O)=O)C2C1N(N(=O)=O)CN2N(=O)=O
OLOBIA,NC(NN(=O)=O)=NN(=O)=O
NOEURA,O=C(NCC(N(=O)=O)(N(=O)=O)N(=O)=O)NCC(N(=O)=O)(N(=O)=O)N(=O)=O
DDE,[H]N([H])C(=C(N(=O)=O)N(=O)=O)N([H])[H]
NAWC08C,O=N(=O)N1CN(N(=O)=O)CC(N(F)F)(N(F)F)C1
HA10,[H]N1C(=O)N(N(=O)=O)C3C1N(N(=O)=O)C2C(N(N(=O)=O)C(=O)N2[H])N3N(=O)=O
ARCH05,O=N(=O)N1CCN=C1C(N(=O)=O)(N(=O)=O)N(=O)=O
CLC7882,[H]N1C(=O)N(N(=O)=O)C2C1N(N(=O)=O)CN2N(=O)=O
HMX04,O=N(=O)N1CN(N(=O)=O)CN(N(=O)=O)CN(N(=O)=O)C1
CUVXUM,FC(CC(N(=O)=O)(N(=O)=O)N(=O)=O)(CC(N(=O)=O)(N(=O)=O)N(=O)=O)N(=O)=O
CUVXOG,O=N(=O)C(CC(N(=O)=O)(N(=O)=O)N(=O)=O)CC(N(=O)=O)(N(=O)=O)N(=O)=O
CLC6871,O=C2N(N(=O)=O)C1C(N(N(=O)=O)CCN1N(=O)=O)N2N(=O)=O
VAYVIA,FC(CN(CC(F)(N(=O)=O)N(=O)=O)C(=O)C(=O)N(CC(F)(N(=O)=O)N(=O)=O)CC(F)(N(=O)=O)N(=O)=O)(N(=O)=O)N(=O)=O
TASJEC,FN(F)N1N=C(C(=C1C1=C(C(=NN1N(F)F)N(=O)=O)N(=O)=O)N(=O)=O)N(=O)=O
BOTT107a,[H]N([H])n1nnc(N(=O)=O)n1
IAKAV,[H]N1C(=O)N(N(=O)=O)C2C1N(N(=O)=O)CCN2N(=O)=O
TNAZ,O=N(=O)N1CC(N(=O)=O)(N(=O)=O)C1
HNFX,O=N(=O)N1CC(N(F)F)(N(F)F)CN(N(=O)=O)CC(N(F)F)(N(F)F)C1
KUBPEC,O=N(=O)N1CC2(CN=C1C(N(=O)=O)(N(=O)=O)N(=O)=O)CN=C(N(C2)N(=O)=O)C(N(=O)=O)(N(=O)=O)N(=O)=O
DINGU,O=C2NC1C(NC(=O)N1N(=O)=O)N2N(=O)=O
NOETA02,[H]N([H])N(C([H])([H])C(N(=O)=O)(N(=O)=O)N(=O)=O)C([H])([H])C(N(=O)=O)(N(=O)=O)N(=O)=O
QQQBRD02,O=N(=O)C(N(=O)=O)(N(=O)=O)C(N(=O)=O)(N(=O)=O)N(=O)=O
BOTT72,[H]ON([H])C(=O)N([H])N(=O)=O
CEYDUF,O=N(=O)C(CC(N(=O)=O)(N(=O)=O)N(=O)=O)(CC(N(=O)=O)(N(=O)=O)N(=O)=O)N(=O)=O
RDX04,O=N(=O)N1CN(N(=O)=O)CN(N(=O)=O)C1
LIV13tw,Nc1c(N(=O)=O)n[nH]c1N(=O)=O
FANTBZ,FN(F)c1c(cc(cc1N(=O)=O)N(=O)=O)N(=O)=O
FAYCAJ,O=N(=O)N1CN(CC(C1)(N(=O)=O)N(=O)=O)N(=O)=O
RIGJIA,O=N(=O)N1CN(C2C1C1C2N(CN1N(=O)=O)N(=O)=O)N(=O)=O
GICTIV,O=N(=O)N1C=NC(=N1)N=NC1=NN(C=N1)N(=O)=O
LIV45O,[H]Oc1nn(=O)c(N(=O)=O)c([H])c1N(=O)=O
NOMKEG,O=C1N(CC(CN1N(=O)=O)ON(=O)=O)N(=O)=O
LIV25FA,[H]N1NC([N-][N+]#N)c(N(=O)=O)N1
CELFOO,FC(C1OC(=O)OC1C(F)(N(=O)=O)N(=O)=O)(N(=O)=O)N(=O)=O
HNX,O=N(=O)C(c1ccc(C(N(=O)=O)(N(=O)=O)N(=O)=O)cc1)(N(=O)=O)N(=O)=O
MUGNUX,O=N(=O)N1C2OC3OC2N(C2OC3OC12)N(=O)=O
ARCH07,[H]N1CCN(N(=O)=O)C1=C(N(=O)=O)N(=O)=O
SRI1187,O=N(=O)C(F)(CNc1nnc(NCC(F)(N(=O)=O)N(=O)=O)nn1)N(=O)=O
BOTT14,O=N(=O)c2nc(c1nc(N(=O)=O)nn1F)n(F)n2
PETN10,[H]C([H])(ON(=O)=O)C(C([H])([H])ON(=O)=O)(C([H])([H])ON(=O)=O)C([H])([H])ON(=O)=O
DUNDIA,O=CN1C2C3N(C=O)C4C1N(C(C(N2N(=O)=O)N3N(=O)=O)N4N(=O)=O)N(=O)=O
SRI02,O=NC(F)(CN(N(=O)=O)C12C3C4C1C5C2C3C45N(CC(F)(N(=O)=O)N(=O)=O)N(=O)=O)N(=O)=O
BOTT101,[H]N([H])n1nc(N(=O)=O)nc1c2nc(N(=O)=O)nn2N([H])[H]
QOYJOD,O=C1NN=C(N1)N(=O)=O
LIV24T,[H]N([H])c1c(N(=O)=O)nnn1[H]
XOCZUL,O=C(CN=[N+]=[N-])N1C2C3N(C4C1N(C(C(N2N(=O)=O)N3N(=O)=O)N4N(=O)=O)N(=O)=O)C(=O)CN=[N+]=[N-]
HAAF08,[H]N([H])c1c(N(=O)=O)cc(N(=O)=O)c(C(F)(F)F)c1N(=O)=O
EAT07,O=C6N(N(=O)=O)C25C1C4C3C1C2(C3C45)N6N(=O)=O
LIV49,[H]c1c(N(=O)=O)c(N(=O)=O)nn1[H]
AMMON02,O=N(=O)N2CC1(N(=O)=O)CN(N(=O)=O)CC1(N(=O)=O)C2
WISKEO,COC1OC(C(O1)C(F)(N(=O)=O)N(=O)=O)C(F)(N(=O)=O)N(=O)=O
HASHAK,O=N(=O)C12C3C4C1C1(C4C3(C21)N(=O)=O)N(=O)=O
BAUM696L,O=N(=O)OC1CN(N(=O)=O)C1
BEWYOR,Nc1c(c(N)c(c(F)c1N(=O)=O)N(=O)=O)N(=O)=O
HASHEO,O=N(=O)C12C3C4(C1C1(C2C3(C41)N(=O)=O)N(=O)=O)N(=O)=O
CEDZUG,O=N(=O)C12C3C4C1C1C2C3C41N(=O)=O
LIV48,[H]N([H])C(=O)C1C(N(=O)=O)C(N(=O)=O)=NN1[H]
NADHOP01,O=N(=O)N1CC2(CN(CC(C1)(C2)N(=O)=O)N(=O)=O)N(=O)=O
FEKVOG,Nc1c(c(N)c(c(c2c(c(N)c(c(N)c2N(=O)=O)N(=O)=O)N(=O)=O)c1N(=O)=O)N(=O)=O)N(=O)=O
JUPSES,COc1c(cc(c(N)c1N(=O)=O)N(=O)=O)N(=O)=O
DNPMTA,O=N(=O)N1CN2CN(C1)CN(C2)N(=O)=O
GIGQUI,COc1c(c(OC)c(c(OC)c1N(=O)=O)N(=O)=O)N(=O)=O
CEQGUB,COc1cc(OC)c(cc1N(=O)=O)N(=O)=O
FESNEW02,COc1ccc(cc1N(=O)=O)N(=O)=O
TAHMEV,O=N(=O)C12C3C4C5C3C1C5C24
KULGOO,COc1c(OC)c(cc(c1OC)N(=O)=O)N(=O)=O
CUBANE,C12C3C4C1C1C2C3C41
SEMXAJ,COc1c(cc(c(C)c1N(=O)=O)N(=O)=O)C(C)(C)C
SRIP25,[H]ON([H])C1N=NC(N([H])[H])=N1
DFP,n=2onc3[nH]c1nonc1[nH]c23
HISK36AT,n2on=c3[nH]c1nonc1[nH]c23
HISK38,N#[N+][N-]c1nnc([N-][N+]#N)nn1
 ZZZMUC,Cc1c(cc(cc1N(=O)=O)N(=O)=O)N(=O)=O
CHATC3N,[H]C2([H])N(N(=O)=O)C1([H])OC(=O)OC1([H])N2N(=O)=O
SRIP25,[H]ON([H])n1cnc(N([H])[H])n1
CLCPI,[H]C([H])([H])[O]COC2C(N(=O)=O)C1C(N(N(=O)=O)CCN1N(=O)=O)N2N(=O)=O
BINSAS,o1[n+]([O-])c2c(n1)c1[n+](onc1c(N(=O)=O)c2N)[O-]
NP-1,O=N(=O)n1nccc1
NP-2,O=N(=O)c1[nH]ncc1
NP-3,O=N(=O)c1c[nH]nc1
NP-4,O=N(=O)c1[nH]ncc1
DNP-1,O=N(=O)c1[nH]ncc1N(=O)=O
DNP-2,O=N(=O)c1[nH]nc(N(=O)=O)c1
DNP-3,O=N(=O)c1[nH]ncc1N(=O)=O
DNP-4,O=N(=O)n1nc(N(=O)=O)cc1
DNP-5,O=N(=O)c1cn(N(=O)=O)nc1
DNP-6,n1(N(=O)=O)c(N(=O)=O)ccn1
DNPO-1,N1C=C(N(=O)=O)C(N(=O)=O)N1O
DNPO-2,N1C(=CC(N1O)N(=O)=O)N(=O)=O
DNPO-3,N1C(=C(N(=O)=O)CN1O)N(=O)=O
DNPO-4,N1(N(=O)=O)C=CC(N1O)N(=O)=O
DNPO-5,N1(N(=O)=O)C=C(N(=O)=O)C(N1O)
DNPO-6,N1(N(=O)=O)C(=CCN1O)N(=O)=O
TNP-1,O=N(=O)c1c([nH]nc1N(=O)=O)N(=O)=O
TNP-2,n1(N(=O)=O)c(N(=O)=O)cc(N(=O)=O)n1
TNP-3,n1(N(=O)=O)c(N(=O)=O)c(N(=O)=O)cn1
TNP-4,O=N(=O)c1c(nn(N(=O)=O)c1)N(=O)=O
TNP-5,O=N(=O)c1n(nc(N(=O)=O)c1N(=O)=O)N(=O)=O
TNPO-1,N1C(=C(N(=O)=O)C(N1O)N(=O)=O)N(=O)=O
TNPO-2,N1(N(=O)=O)C(=CC(N1O)N(=O)=O)N(=O)=O
TNPO-3,N1(N(=O)=O)C(=C(N(=O)=O)CN1O)N(=O)=O
TNPO-4,N1(N(=O)=O)C=C(N(=O)=O)C(N1O)N(=O)=O
TNPO-5,N1(N(=O)=O)C(=C(N(=O)=O)C(N1O)N(=O)=O)N(=O)=O
1,3-dinitrobenzene,C1=CC(=CC(=C1)[N+](=O)[O-])[N+](=O)[O-]
1,4-dinitrobenzene,C1=CC(=CC=C1[N+](=O)[O-])[N+](=O)[O-]
2-methyl-3,5-dinitroaniline,CC1=C(C=C(C=C1N)[N+](=O)[O-])[N+](=O)[O-]
1-methyl-2-nitrobenzene,CC1=CC=CC=C1[N+](=O)[O-]
4-methyl-3,5-dinitroaniline,CC1=C(C=C(C=C1[N+](=O)[O-])N)[N+](=O)[O-]
azanium;dinitroazanide,[NH4+].[N-]([N+](=O)[O-])[N+](=O)[O-]
azanium;nitrate,[NH4+].[N+](=O)([O-])[O-]
azanium;perchlorate,[NH4+].[O-]Cl(=O)(=O)=O
3-cyclopropyl-1H-pyrazole-5-carbohydrazide,c1c([nH]nc1C(=O)NN)C2CC2
1-(3,5,7-trinitro-1,3,5,7-tetrazocan-1-yl)ethanone,CC(=O)N1CN(CN(CN(C1)[N+](=O)[O-])[N+](=O)[O-])[N+](=O)[O-]
(2S,3R)-butane-1,2,3,4-tetrol,C(C(C(CO)O)O)O
Ethylene glycol,C(CO)O
Mercury,[Hg]
nitrourea,C(=O)(N)N[N+](=O)[O-]
[3-nitrooxy-2,2-bis(nitrooxymethyl)propyl] nitrate,C(C(CO[N+](=O)[O-])(CO[N+](=O)[O-])CO[N+](=O)[O-])O[N+](=O)[O-]
potassium;nitrate,[N+](=O)([O-])[O-].[K+]
potassium;perchlorate,[O-]Cl(=O)(=O)=O.[K+]
sodium;nitrate,[N+](=O)([O-])[O-].[Na+]
2,4,6-trinitrophenol,C1=C(C=C(C(=C1[N+](=O)[O-])O)[N+](=O)[O-])[N+](=O)[O-]
2-methyl-1,3,5-trinitrobenzene,CC1=C(C=C(C=C1[N+](=O)[O-])[N+](=O)[O-])[N+](=O)[O-]
N-methyl-N-(2,4,6-trinitrophenyl)nitramide,CN(C1=C(C=C(C=C1[N+](=O)[O-])[N+](=O)[O-])[N+](=O)[O-])[N+](=O)[O-]
1,3,5-trinitro-1,3,5-triazinane,C1N(CN(CN1[N+](=O)[O-])[N+](=O)[O-])[N+](=O)[O-]
Nitrotriazolone,c1(=O)[nH]c(n[nH]1)[N+](=O)[O-]
nitrourea,C(=O)(N)N[N+](=O)[O-]
2-methoxy-1,3,5-trinitrobenzene,COC1=C(C=C(C=C1[N+](=O)[O-])[N+](=O)[O-])[N+](=O)[O-]
N-methyl-N-(2,4,6-trinitrophenyl)nitramide,CN(C1=C(C=C(C=C1[N+](=O)[O-])[N+](=O)[O-])[N+](=O)[O-])[N+](=O)[O-]
2,4,6-trinitroaniline,C1=C(C=C(C(=C1[N+](=O)[O-])N)[N+](=O)[O-])[N+](=O)[O-]
2,4-dinitrobenzene-1,3-diol,C1=CC(=C(C(=C1[N+](=O)[O-])O)[N+](=O)[O-])O
2-nitrosoguanidine,C(=NN=O)(N)N
3-methyl-2,4,6-trinitrophenol,CC1=C(C(=C(C=C1[N+](=O)[O-])[N+](=O)[O-])O)[N+](=O)[O-]
(Nitroimino)di-2,1-ethanediyl dinitrate,C(CO[N+](=O)[O-])N(CCO[N+](=O)[O-])[N+](=O)[O-]
azanium;2,4,6-trinitrophenolate,C1=C(C=C(C(=C1[N+](=O)[O-])[O-])[N+](=O)[O-])[N+](=O)[O-].[NH4+]
2-[nitro(2-nitrooxyethyl)amino]ethyl nitrate,C(CO[N+](=O)[O-])N(CCO[N+](=O)[O-])[N+](=O)[O-]
N-(nitramidomethyl)nitramide,C(N[N+](=O)[O-])N[N+](=O)[O-]
Acetone peroxide,CC1(OOC(OOC(OO1)(C)C)(C)C)C
nitro acetate,CC(=O)O[N+](=O)[O-]
Hexamine,C1N2CN3CN1CN(C2)C3
Ammonium azide,[N-]=[N+]=[N-].[NH4+]
azane;chloric acid,N.OCl(=O)=O
azanium;dinitroazanide,[NH4+].[N-]([N+](=O)[O-])[N+](=O)[O-]
azanium;nitrate,[NH4+].[N+](=O)([O-])[O-]
azanium;permanganate,[NH4+].[O-][Mn](=O)(=O)=O
(E)-bis(triazol-1-yl)diazene,C1=CN(N=N1)N=NN2C=CN=N2
Barium azide,[N-]=[N+]=[N-].[N-]=[N+]=[N-].[Ba+2]
Benzvalene,C1=CC2C3C1C23
1,4-dinitrooxybutan-2-yl nitrate,C(CO[N+](=O)[O-])C(CO[N+](=O)[O-])O[N+](=O)[O-]
Chlorine azide,[N-]=[N+]=NCl
Copper(I) acetylide,[C-]#[C-].[Cu+].[Cu+]
copper;diazide,[N-]=[N+]=[N-].[N-]=[N+]=[N-].[Cu+2]
2,4,6-triazido-1,3,5-triazine,C1(=NC(=NC(=N1)N=[N+]=[N-])N=[N+]=[N-])N=[N+]=[N-]
acetyl ethaneperoxoate,CC(=O)OOC(=O)C
Diazodinitrophenol,c1c(cc(c(c1[N+]#N)[O-])[N+](=O)[O-])[N+](=O)[O-]
diazomethane,C=[N+]=[N-]
2-(2-nitrooxyethoxy)ethyl nitrate,C(CO[N+](=O)[O-])OCCO[N+](=O)[O-]
N,N-dimethyl-4-(pentazol-1-yl)aniline,CN(C)C1=CC=C(C=C1)N2N=NN=N2
bis(4-nitro-5-oxido-1,2,5-oxadiazol-5-ium-3-yl)diazene,C1(=NO[N+](=C1[N+](=O)[O-])[O-])N=NC2=NO[N+](=C2[N+](=O)[O-])[O-]
1-methoxy-2,4-dinitrobenzene,COC1=C(C=C(C=C1)[N+](=O)[O-])[N+](=O)[O-]
1-methyl-2,4-dinitrobenzene,CC1=C(C=C(C=C1)[N+](=O)[O-])[N+](=O)[O-]
flutriafol,c1ccc(c(c1)C(Cn2cncn2)(c3ccc(cc3)F)O)F
[(2R,3S)-1,3,4-trinitrooxybutan-2-yl] nitrate,C(C(C(CO[N+](=O)[O-])O[N+](=O)[O-])O[N+](=O)[O-])O[N+](=O)[O-]
azidoethane,CCN=[N+]=[N-]
2-nitrooxyethyl nitrate,C(CO[N+](=O)[O-])O[N+](=O)[O-]
perchloryl hypofluorite,O=Cl(=O)(=O)OF
2,2-dinitroethene-1,1-diamine,C(=C([N+](=O)[O-])[N+](=O)[O-])(N)N
1,2-bis(2H-tetrazol-5-yl)hydrazine,C1(=NNN=N1)NNC2=NNN=N2
1,2,3,4,5,6,7-heptanitrocubane,C12C3(C4(C1(C5(C2(C3(C45[N+](=O)[O-])[N+](=O)[O-])[N+](=O)[O-])[N+](=O)[O-])[N+](=O)[O-])[N+](=O)[O-])[N+](=O)[O-]
3,4,8,9,12,13-hexaoxa-1,6-diazabicyclo[4.4.4]tetradecane,C1N2COOCN(COO1)COOC2
1,2,3,4,5,6-hexanitrobenzene,C1(=C(C(=C(C(=C1[N+](=O)[O-])[N+](=O)[O-])[N+](=O)[O-])[N+](=O)[O-])[N+](=O)[O-])[N+](=O)[O-]
2,4,6-trinitro-N-(2,4,6-trinitrophenyl)aniline,C1=C(C=C(C(=C1[N+](=O)[O-])NC2=C(C=C(C=C2[N+](=O)[O-])[N+](=O)[O-])[N+](=O)[O-])[N+](=O)[O-])[N+](=O)[O-]
1,1,1,2,2,2-hexanitroethane,C(C([N+](=O)[O-])([N+](=O)[O-])[N+](=O)[O-])([N+](=O)[O-])([N+](=O)[O-])[N+](=O)[O-]
HEXANITROSTILBENE,O=[N+]([O-])c1c(ccc(c1[N+]([O-])=O)[N+]([O-])=O)/C=C/c2ccc([N+]([O-])=O)c([N+]([O-])=O)c2[N+]([O-])=O
1,3,4,5,7,8-hexanitro-3a,4a,7a,8a-tetrahydrodiimidazo[5,4-a:5',4'-e]pyrazine-2,6-dione,C12C(N(C3C(N1[N+](=O)[O-])N(C(=O)N3[N+](=O)[O-])[N+](=O)[O-])[N+](=O)[O-])N(C(=O)N2[N+](=O)[O-])[N+](=O)[O-]
1,3,5,7-tetranitro-1,3,5,7-tetrazocane,C1N(CN(CN(CN1[N+](=O)[O-])[N+](=O)[O-])[N+](=O)[O-])[N+](=O)[O-]
Triazoic acid,N=[N+]=[N-]
lead(2+);2,4,6-trinitrobenzene-1,3-diolate,C1=C(C(=C(C(=C1[N+](=O)[O-])[O-])[N+](=O)[O-])[O-])[N+](=O)[O-].[Pb+2]
diazidolead,[N-]=[N+]=N[Pb]N=[N+]=[N-]
Manganese,[Mn]
[(2R,3R,4R,5R)-1,2,4,5,6-pentanitrooxyhexan-3-yl] nitrate,C(C(C(C(C(CO[N+](=O)[O-])O[N+](=O)[O-])O[N+](=O)[O-])O[N+](=O)[O-])O[N+](=O)[O-])O[N+](=O)[O-]
azidomethane,CN=[N+]=[N-]
methyl nitrate,CO[N+](=O)[O-]
Methylammonium nitrate,C[NH3+].[N+](=O)([O-])[O-]
2-Nitrotoluene,Cc1ccccc1[N+](=O)[O-]
Dehydroepiandrosterone,C[C@]12CC[C@H]3[C@H]([C@@H]1CCC2=O)CC=C4[C@@]3(CC[C@@H](C4)O)C
[(2S,3R,4S,5R,6R)-2-[(2R,3R,4S,5R,6S)-4,5-dinitrooxy-2-(nitrooxymethyl)-6-[(2R,3R,4S,5R,6S)-4,5,6-trinitrooxy-2-(nitrooxymethyl)oxan-3-yl]oxyoxan-3-yl]oxy-3,5-dinitrooxy-6-(nitrooxymethyl)oxan-4-yl] nitrate,C(C1C(C(C(C(O1)OC2C(OC(C(C2O[N+](=O)[O-])O[N+](=O)[O-])O[N+](=O)[O-])CO[N+](=O)[O-])O[N+](=O)[O-])O[N+](=O)[O-])OC3C(C(C(C(O3)CO[N+](=O)[O-])O[N+](=O)[O-])O[N+](=O)[O-])O[N+](=O)[O-])O[N+](=O)[O-]
Nitrogen trichloride,N(Cl)(Cl)Cl
Nitrogen triiodide,N(I)(I)I
1,3-dinitrooxypropan-2-yl nitrate,C(C(CO[N+](=O)[O-])O[N+](=O)[O-])O[N+](=O)[O-]
2-nitroguanidine,C(=N[N+](=O)[O-])(N)N
nitromethane,C[N+](=O)[O-]
5-nitrotriazol-4-one,C1(=NN=NC1=O)[N+](=O)[O-]
nitrourea,C(=O)(N)N[N+](=O)[O-]
Octaazacubane,N12N3N4N1N5N2N3N45
1,2,3,4,5,6,7,8-octanitrocubane,C12(C3(C4(C1(C5(C2(C3(C45[N+](=O)[O-])[N+](=O)[O-])[N+](=O)[O-])[N+](=O)[O-])[N+](=O)[O-])[N+](=O)[O-])[N+](=O)[O-])[N+](=O)[O-]
[3-nitrooxy-2,2-bis(nitrooxymethyl)propyl] nitrate,C(C(CO[N+](=O)[O-])(CO[N+](=O)[O-])CO[N+](=O)[O-])O[N+](=O)[O-]
diaminotriazene,NN/N=N\N
1H-pentazole,N1N=NN=N1
Picramic acid,C1=C(C=C(C(=C1[N+](=O)[O-])O)N)[N+](=O)[O-]
2,4,6-trinitrophenol,C1=C(C=C(C(=C1[N+](=O)[O-])O)[N+](=O)[O-])[N+](=O)[O-]
2-chloro-1,3,5-trinitrobenzene,C1=C(C=C(C(=C1[N+](=O)[O-])Cl)[N+](=O)[O-])[N+](=O)[O-]
N,N,N-Tributyl-1-butanaminium nitrate,CCCC[N+](CCCC)(CCCC)CCCC.[N+](=O)([O-])[O-]
potassium;2,4,6-trinitrophenolate,C1=C(C=C(C(=C1[N+](=O)[O-])[O-])[N+](=O)[O-])[N+](=O)[O-].[K+]
1-nitrooxypropan-2-yl nitrate,CC(CO[N+](=O)[O-])O[N+](=O)[O-]
1,3,5-trinitro-1,3,5-triazinane,C1N(CN(CN1[N+](=O)[O-])[N+](=O)[O-])[N+](=O)[O-]
tetraazidosilane,[N-]=[N+]=N[Si](N=[N+]=[N-])(N=[N+]=[N-])N=[N+]=[N-]
silver acetylide,[C-]#[C-].[Ag+2]
silver;azide,[N-]=[N+]=[N-].[Ag+]
Silver nitride,[Ag+].[Ag+].[Ag+].[N-3]
sodium;azide,[N-]=[N+]=[N-].[Na+]
2,4,6-trinitrobenzene-1,3-diol,C1=C(C(=C(C(=C1[N+](=O)[O-])O)[N+](=O)[O-])O)[N+](=O)[O-]
2,4,6-trinitrobenzene-1,3,5-triamine,C1(=C(C(=C(C(=C1[N+](=O)[O-])N)[N+](=O)[O-])N)[N+](=O)[O-])N
tetraazidomethane,C(N=[N+]=[N-])(N=[N+]=[N-])(N=[N+]=[N-])N=[N+]=[N-]
tetranitromethane,C([N+](=O)[O-])([N+](=O)[O-])([N+](=O)[O-])[N+](=O)[O-]
1$l^{4},3,5$l^{4},7-tetrathia-2,4,6,8-tetrazacycloocta-1,4,5,8-tetraene,N1=S=NSN=S=NS1
1-amino-1-[2-(tetrazol-5-ylidene)hydrazinyl]guanidine;hydrate,C1(=NNN(C(=N)N)N)N=NN=N1.O
N-methyl-N-(2,4,6-trinitrophenyl)nitramide,CN(C1=C(C=C(C=C1[N+](=O)[O-])[N+](=O)[O-])[N+](=O)[O-])[N+](=O)[O-]
2-methyl-1,3,5-trinitrobenzene,CC1=C(C=C(C=C1[N+](=O)[O-])[N+](=O)[O-])[N+](=O)[O-]
1,3,5-triazido-2,4,6-trinitrobenzene,C1(=C(C(=C(C(=C1[N+](=O)[O-])N=[N+]=[N-])[N+](=O)[O-])N=[N+]=[N-])[N+](=O)[O-])N=[N+]=[N-]
2-[2-(2-nitrooxyethoxy)ethoxy]ethyl nitrate,C(COCCO[N+](=O)[O-])OCCO[N+](=O)[O-]
[2-methyl-3-nitrooxy-2-(nitrooxymethyl)propyl] nitrate,CC(CO[N+](=O)[O-])(CO[N+](=O)[O-])CO[N+](=O)[O-]
2,4,6-trinitroaniline,C1=C(C=C(C(=C1[N+](=O)[O-])N)[N+](=O)[O-])[N+](=O)[O-]
2-methoxy-1,3,5-trinitrobenzene,COC1=C(C=C(C=C1[N+](=O)[O-])[N+](=O)[O-])[N+](=O)[O-]
1,3,5-trinitrobenzene,C1=C(C=C(C=C1[N+](=O)[O-])[N+](=O)[O-])[N+](=O)[O-]
2,4,6-trinitrobenzenesulfonic acid,C1=C(C=C(C(=C1[N+](=O)[O-])S(=O)(=O)O)[N+](=O)[O-])[N+](=O)[O-]
4,5,6-trinitrotriazine,C1(=C(N=NN=C1[N+](=O)[O-])[N+](=O)[O-])[N+](=O)[O-]
2,4,6-tris(trinitromethyl)-1,3,5-triazine,C1(=NC(=NC(=N1)C([N+](=O)[O-])([N+](=O)[O-])[N+](=O)[O-])C([N+](=O)[O-])([N+](=O)[O-])[N+](=O)[O-])C([N+](=O)[O-])([N+](=O)[O-])[N+](=O)[O-]
nitric acid;urea,C(=O)(N)N.[N+](=O)(O)[O-]
perchloric acid;urea,C(=O)(N)N.OCl(=O)(=O)=O
Xylitol pentanitrate,C([C@H]([C@@H]([C@H](CO[N+](=O)[O-])O[N+](=O)[O-])O[N+](=O)[O-])O[N+](=O)[O-])O[N+](=O)[O-]
